地區,項目,欄位名稱,數值,資料時間日期,性別,年齡,國籍,婚姻狀況別
臺中市,結婚人數按性別、年齡、原屬國籍(地區)及婚前婚姻狀況分(按發生日期)-結婚人數(單位:人),男_未滿15歲_本國籍_未婚,0,2018-01-01T00:00:00,男,未滿15歲,本國籍,未婚
臺中市,結婚人數按性別、年齡、原屬國籍(地區)及婚前婚姻狀況分(按發生日期)-結婚人數(單位:人),男_未滿15歲_本國籍_離婚,0,2018-01-01T00:00:00,男,未滿15歲,本國籍,離婚
臺中市,結婚人數按性別、年齡、原屬國籍(地區)及婚前婚姻狀況分(按發生日期)-結婚人數(單位:人),男_未滿15歲_本國籍_喪偶,0,2018-01-01T00:00:00,男,未滿15歲,本國籍,喪偶
臺中市,結婚人數按性別、年齡、原屬國籍(地區)及婚前婚姻狀況分(按發生日期)-結婚人數(單位:人),男_15~19歲_本國籍_未婚,69,2018-01-01T00:00:00,男,15~19歲,本國籍,未婚
臺中市,結婚人數按性別、年齡、原屬國籍(地區)及婚前婚姻狀況分(按發生日期)-結婚人數(單位:人),男_15~19歲_本國籍_離婚,1,2018-01-01T00:00:00,男,15~19歲,本國籍,離婚
臺中市,結婚人數按性別、年齡、原屬國籍(地區)及婚前婚姻狀況分(按發生日期)-結婚人數(單位:人),男_15~19歲_本國籍_喪偶,0,2018-01-01T00:00:00,男,15~19歲,本國籍,喪偶
臺中市,結婚人數按性別、年齡、原屬國籍(地區)及婚前婚姻狀況分(按發生日期)-結婚人數(單位:人),男_20~24歲_本國籍_未婚,1022,2018-01-01T00:00:00,男,20~24歲,本國籍,未婚
臺中市,結婚人數按性別、年齡、原屬國籍(地區)及婚前婚姻狀況分(按發生日期)-結婚人數(單位:人),男_20~24歲_本國籍_離婚,27,2018-01-01T00:00:00,男,20~24歲,本國籍,離婚
臺中市,結婚人數按性別、年齡、原屬國籍(地區)及婚前婚姻狀況分(按發生日期)-結婚人數(單位:人),男_20~24歲_本國籍_喪偶,0,2018-01-01T00:00:00,男,20~24歲,本國籍,喪偶
臺中市,結婚人數按性別、年齡、原屬國籍(地區)及婚前婚姻狀況分(按發生日期)-結婚人數(單位:人),男_25~29歲_本國籍_未婚,4227,2018-01-01T00:00:00,男,25~29歲,本國籍,未婚
臺中市,結婚人數按性別、年齡、原屬國籍(地區)及婚前婚姻狀況分(按發生日期)-結婚人數(單位:人),男_25~29歲_本國籍_離婚,104,2018-01-01T00:00:00,男,25~29歲,本國籍,離婚
臺中市,結婚人數按性別、年齡、原屬國籍(地區)及婚前婚姻狀況分(按發生日期)-結婚人數(單位:人),男_65歲以上_本國籍_喪偶,38,2018-01-01T00:00:00,男,65歲以上,本國籍,喪偶
臺中市,結婚人數按性別、年齡、原屬國籍(地區)及婚前婚姻狀況分(按發生日期)-結婚人數(單位:人),女_未滿15歲_本國籍_未婚,0,2018-01-01T00:00:00,女,未滿15歲,本國籍,未婚
臺中市,結婚人數按性別、年齡、原屬國籍(地區)及婚前婚姻狀況分(按發生日期)-結婚人數(單位:人),女_未滿15歲_本國籍_離婚,0,2018-01-01T00:00:00,女,未滿15歲,本國籍,離婚
臺中市,結婚人數按性別、年齡、原屬國籍(地區)及婚前婚姻狀況分(按發生日期)-結婚人數(單位:人),女_未滿15歲_本國籍_喪偶,0,2018-01-01T00:00:00,女,未滿15歲,本國籍,喪偶
臺中市,結婚人數按性別、年齡、原屬國籍(地區)及婚前婚姻狀況分(按發生日期)-結婚人數(單位:人),女_15~19歲_本國籍_未婚,219,2018-01-01T00:00:00,女,15~19歲,本國籍,未婚
臺中市,結婚人數按性別、年齡、原屬國籍(地區)及婚前婚姻狀況分(按發生日期)-結婚人數(單位:人),女_15~19歲_本國籍_離婚,3,2018-01-01T00:00:00,女,15~19歲,本國籍,離婚
臺中市,結婚人數按性別、年齡、原屬國籍(地區)及婚前婚姻狀況分(按發生日期)-結婚人數(單位:人),男_65歲以上_本國籍_離婚,97,2018-01-01T00:00:00,男,65歲以上,本國籍,離婚
臺中市,結婚人數按性別、年齡、原屬國籍(地區)及婚前婚姻狀況分(按發生日期)-結婚人數(單位:人),男_65歲以上_本國籍_未婚,6,2018-01-01T00:00:00,男,65歲以上,本國籍,未婚
臺中市,結婚人數按性別、年齡、原屬國籍(地區)及婚前婚姻狀況分(按發生日期)-結婚人數(單位:人),男_60~64歲_本國籍_喪偶,15,2018-01-01T00:00:00,男,60~64歲,本國籍,喪偶
臺中市,結婚人數按性別、年齡、原屬國籍(地區)及婚前婚姻狀況分(按發生日期)-結婚人數(單位:人),男_60~64歲_本國籍_離婚,118,2018-01-01T00:00:00,男,60~64歲,本國籍,離婚
臺中市,結婚人數按性別、年齡、原屬國籍(地區)及婚前婚姻狀況分(按發生日期)-結婚人數(單位:人),男_60~64歲_本國籍_未婚,13,2018-01-01T00:00:00,男,60~64歲,本國籍,未婚
臺中市,結婚人數按性別、年齡、原屬國籍(地區)及婚前婚姻狀況分(按發生日期)-結婚人數(單位:人),男_55~59歲_本國籍_喪偶,24,2018-01-01T00:00:00,男,55~59歲,本國籍,喪偶
臺中市,結婚人數按性別、年齡、原屬國籍(地區)及婚前婚姻狀況分(按發生日期)-結婚人數(單位:人),女_25~29歲_本國籍_喪偶,2,2018-01-01T00:00:00,女,25~29歲,本國籍,喪偶
臺中市,結婚人數按性別、年齡、原屬國籍(地區)及婚前婚姻狀況分(按發生日期)-結婚人數(單位:人),女_30~34歲_本國籍_未婚,4121,2018-01-01T00:00:00,女,30~34歲,本國籍,未婚
臺中市,結婚人數按性別、年齡、原屬國籍(地區)及婚前婚姻狀況分(按發生日期)-結婚人數(單位:人),女_30~34歲_本國籍_離婚,447,2018-01-01T00:00:00,女,30~34歲,本國籍,離婚
臺中市,結婚人數按性別、年齡、原屬國籍(地區)及婚前婚姻狀況分(按發生日期)-結婚人數(單位:人),女_30~34歲_本國籍_喪偶,4,2018-01-01T00:00:00,女,30~34歲,本國籍,喪偶
臺中市,結婚人數按性別、年齡、原屬國籍(地區)及婚前婚姻狀況分(按發生日期)-結婚人數(單位:人),女_35~39歲_本國籍_未婚,1454,2018-01-01T00:00:00,女,35~39歲,本國籍,未婚
臺中市,結婚人數按性別、年齡、原屬國籍(地區)及婚前婚姻狀況分(按發生日期)-結婚人數(單位:人),女_35~39歲_本國籍_離婚,543,2018-01-01T00:00:00,女,35~39歲,本國籍,離婚
臺中市,結婚人數按性別、年齡、原屬國籍(地區)及婚前婚姻狀況分(按發生日期)-結婚人數(單位:人),女_35~39歲_本國籍_喪偶,13,2018-01-01T00:00:00,女,35~39歲,本國籍,喪偶
臺中市,結婚人數按性別、年齡、原屬國籍(地區)及婚前婚姻狀況分(按發生日期)-結婚人數(單位:人),女_40~44歲_本國籍_未婚,288,2018-01-01T00:00:00,女,40~44歲,本國籍,未婚
臺中市,結婚人數按性別、年齡、原屬國籍(地區)及婚前婚姻狀況分(按發生日期)-結婚人數(單位:人),女_40~44歲_本國籍_離婚,360,2018-01-01T00:00:00,女,40~44歲,本國籍,離婚
臺中市,結婚人數按性別、年齡、原屬國籍(地區)及婚前婚姻狀況分(按發生日期)-結婚人數(單位:人),男_55~59歲_本國籍_離婚,194,2018-01-01T00:00:00,男,55~59歲,本國籍,離婚
臺中市,結婚人數按性別、年齡、原屬國籍(地區)及婚前婚姻狀況分(按發生日期)-結婚人數(單位:人),男_55~59歲_本國籍_未婚,21,2018-01-01T00:00:00,男,55~59歲,本國籍,未婚
臺中市,結婚人數按性別、年齡、原屬國籍(地區)及婚前婚姻狀況分(按發生日期)-結婚人數(單位:人),男_50~54歲_本國籍_喪偶,13,2018-01-01T00:00:00,男,50~54歲,本國籍,喪偶
臺中市,結婚人數按性別、年齡、原屬國籍(地區)及婚前婚姻狀況分(按發生日期)-結婚人數(單位:人),男_50~54歲_本國籍_離婚,302,2018-01-01T00:00:00,男,50~54歲,本國籍,離婚
臺中市,結婚人數按性別、年齡、原屬國籍(地區)及婚前婚姻狀況分(按發生日期)-結婚人數(單位:人),男_50~54歲_本國籍_未婚,65,2018-01-01T00:00:00,男,50~54歲,本國籍,未婚
臺中市,結婚人數按性別、年齡、原屬國籍(地區)及婚前婚姻狀況分(按發生日期)-結婚人數(單位:人),男_45~49歲_本國籍_喪偶,8,2018-01-01T00:00:00,男,45~49歲,本國籍,喪偶
臺中市,結婚人數按性別、年齡、原屬國籍(地區)及婚前婚姻狀況分(按發生日期)-結婚人數(單位:人),女_50~54歲_本國籍_喪偶,15,2018-01-01T00:00:00,女,50~54歲,本國籍,喪偶
臺中市,結婚人數按性別、年齡、原屬國籍(地區)及婚前婚姻狀況分(按發生日期)-結婚人數(單位:人),女_55~59歲_本國籍_未婚,16,2018-01-01T00:00:00,女,55~59歲,本國籍,未婚
臺中市,結婚人數按性別、年齡、原屬國籍(地區)及婚前婚姻狀況分(按發生日期)-結婚人數(單位:人),女_55~59歲_本國籍_離婚,116,2018-01-01T00:00:00,女,55~59歲,本國籍,離婚
臺中市,結婚人數按性別、年齡、原屬國籍(地區)及婚前婚姻狀況分(按發生日期)-結婚人數(單位:人),女_55~59歲_本國籍_喪偶,5,2018-01-01T00:00:00,女,55~59歲,本國籍,喪偶
臺中市,結婚人數按性別、年齡、原屬國籍(地區)及婚前婚姻狀況分(按發生日期)-結婚人數(單位:人),女_60~64歲_本國籍_未婚,5,2018-01-01T00:00:00,女,60~64歲,本國籍,未婚
臺中市,結婚人數按性別、年齡、原屬國籍(地區)及婚前婚姻狀況分(按發生日期)-結婚人數(單位:人),女_60~64歲_本國籍_離婚,36,2018-01-01T00:00:00,女,60~64歲,本國籍,離婚
臺中市,結婚人數按性別、年齡、原屬國籍(地區)及婚前婚姻狀況分(按發生日期)-結婚人數(單位:人),女_60~64歲_本國籍_喪偶,6,2018-01-01T00:00:00,女,60~64歲,本國籍,喪偶
臺中市,結婚人數按性別、年齡、原屬國籍(地區)及婚前婚姻狀況分(按發生日期)-結婚人數(單位:人),女_65歲以上_本國籍_未婚,3,2018-01-01T00:00:00,女,65歲以上,本國籍,未婚
臺中市,結婚人數按性別、年齡、原屬國籍(地區)及婚前婚姻狀況分(按發生日期)-結婚人數(單位:人),女_65歲以上_本國籍_離婚,40,2018-01-01T00:00:00,女,65歲以上,本國籍,離婚
臺中市,結婚人數按性別、年齡、原屬國籍(地區)及婚前婚姻狀況分(按發生日期)-結婚人數(單位:人),男_45~49歲_本國籍_離婚,318,2018-01-01T00:00:00,男,45~49歲,本國籍,離婚
臺中市,結婚人數按性別、年齡、原屬國籍(地區)及婚前婚姻狀況分(按發生日期)-男生結婚年齡第一四分位數Q1(單位:歲),本國籍_婚姻狀況別,28.5,2018-01-01T00:00:00,,,本國籍,婚姻狀況別
臺中市,結婚人數按性別、年齡、原屬國籍(地區)及婚前婚姻狀況分(按發生日期)-男生結婚年齡第一四分位數Q1(單位:歲),本國籍_未婚,27.8,2018-01-01T00:00:00,,,本國籍,未婚
臺中市,結婚人數按性別、年齡、原屬國籍(地區)及婚前婚姻狀況分(按發生日期)-男生結婚年齡第一四分位數Q1(單位:歲),本國籍_離婚,36.6,2018-01-01T00:00:00,,,本國籍,離婚
臺中市,結婚人數按性別、年齡、原屬國籍(地區)及婚前婚姻狀況分(按發生日期)-男生結婚年齡第一四分位數Q1(單位:歲),本國籍_喪偶,53.2,2018-01-01T00:00:00,,,本國籍,喪偶
臺中市,結婚人數按性別、年齡、原屬國籍(地區)及婚前婚姻狀況分(按發生日期)-女生結婚年齡第一四分位數Q1(單位:歲),本國籍_婚姻狀況別,26.7,2018-01-01T00:00:00,,,本國籍,婚姻狀況別
臺中市,結婚人數按性別、年齡、原屬國籍(地區)及婚前婚姻狀況分(按發生日期)-女生結婚年齡第一四分位數Q1(單位:歲),本國籍_未婚,26.3,2018-01-01T00:00:00,,,本國籍,未婚
臺中市,結婚人數按性別、年齡、原屬國籍(地區)及婚前婚姻狀況分(按發生日期)-女生結婚年齡第一四分位數Q1(單位:歲),本國籍_離婚,32.4,2018-01-01T00:00:00,,,本國籍,離婚
臺中市,結婚人數按性別、年齡、原屬國籍(地區)及婚前婚姻狀況分(按發生日期)-女生結婚年齡第一四分位數Q1(單位:歲),本國籍_喪偶,39.3,2018-01-01T00:00:00,,,本國籍,喪偶
臺中市,結婚人數按性別、年齡、原屬國籍(地區)及婚前婚姻狀況分(按發生日期)-男生結婚年齡中位數Q2(單位:歲),本國籍_婚姻狀況別,32.7,2018-01-01T00:00:00,,,本國籍,婚姻狀況別
臺中市,結婚人數按性別、年齡、原屬國籍(地區)及婚前婚姻狀況分(按發生日期)-男生結婚年齡中位數Q2(單位:歲),本國籍_未婚,31.7,2018-01-01T00:00:00,,,本國籍,未婚
臺中市,結婚人數按性別、年齡、原屬國籍(地區)及婚前婚姻狀況分(按發生日期)-男生結婚年齡中位數Q2(單位:歲),本國籍_離婚,42.6,2018-01-01T00:00:00,,,本國籍,離婚
臺中市,結婚人數按性別、年齡、原屬國籍(地區)及婚前婚姻狀況分(按發生日期)-男生結婚年齡中位數Q2(單位:歲),本國籍_喪偶,59.7,2018-01-01T00:00:00,,,本國籍,喪偶
臺中市,結婚人數按性別、年齡、原屬國籍(地區)及婚前婚姻狀況分(按發生日期)-女生結婚年齡中位數Q2(單位:歲),本國籍_婚姻狀況別,30.2,2018-01-01T00:00:00,,,本國籍,婚姻狀況別
臺中市,結婚人數按性別、年齡、原屬國籍(地區)及婚前婚姻狀況分(按發生日期)-女生結婚年齡中位數Q2(單位:歲),本國籍_未婚,29.4,2018-01-01T00:00:00,,,本國籍,未婚
臺中市,結婚人數按性別、年齡、原屬國籍(地區)及婚前婚姻狀況分(按發生日期)-女生結婚年齡中位數Q2(單位:歲),本國籍_離婚,38.1,2018-01-01T00:00:00,,,本國籍,離婚
臺中市,結婚人數按性別、年齡、原屬國籍(地區)及婚前婚姻狀況分(按發生日期)-男生結婚年齡第三四分位數Q3(單位:歲),本國籍_婚姻狀況別,37.6,2018-01-01T00:00:00,,,本國籍,婚姻狀況別
臺中市,結婚人數按性別、年齡、原屬國籍(地區)及婚前婚姻狀況分(按發生日期)-女生結婚年齡中位數Q2(單位:歲),本國籍_喪偶,47.3,2018-01-01T00:00:00,,,本國籍,喪偶
臺中市,結婚人數按性別、年齡、原屬國籍(地區)及婚前婚姻狀況分(按發生日期)-男生結婚年齡第三四分位數Q3(單位:歲),本國籍_未婚,35.3,2018-01-01T00:00:00,,,本國籍,未婚
臺中市,結婚人數按性別、年齡、原屬國籍(地區)及婚前婚姻狀況分(按發生日期)-男生結婚年齡第三四分位數Q3(單位:歲),本國籍_離婚,51.4,2018-01-01T00:00:00,,,本國籍,離婚
臺中市,結婚人數按性別、年齡、原屬國籍(地區)及婚前婚姻狀況分(按發生日期)-男生結婚年齡第三四分位數Q3(單位:歲),本國籍_喪偶,66.4,2018-01-01T00:00:00,,,本國籍,喪偶
臺中市,結婚人數按性別、年齡、原屬國籍(地區)及婚前婚姻狀況分(按發生日期)-女生結婚年齡第三四分位數Q3(單位:歲),本國籍_婚姻狀況別,34.5,2018-01-01T00:00:00,,,本國籍,婚姻狀況別
臺中市,結婚人數按性別、年齡、原屬國籍(地區)及婚前婚姻狀況分(按發生日期)-女生結婚年齡第三四分位數Q3(單位:歲),本國籍_未婚,33.3,2018-01-01T00:00:00,,,本國籍,未婚
臺中市,結婚人數按性別、年齡、原屬國籍(地區)及婚前婚姻狀況分(按發生日期)-女生結婚年齡第三四分位數Q3(單位:歲),本國籍_離婚,45.2,2018-01-01T00:00:00,,,本國籍,離婚
臺中市,結婚人數按性別、年齡、原屬國籍(地區)及婚前婚姻狀況分(按發生日期)-女生結婚年齡第三四分位數Q3(單位:歲),本國籍_喪偶,53.9,2018-01-01T00:00:00,,,本國籍,喪偶
臺中市,結婚人數按性別、年齡、原屬國籍(地區)及婚前婚姻狀況分(按發生日期)-男生結婚年齡平均數(單位:歲),本國籍_婚姻狀況別,34,2018-01-01T00:00:00,,,本國籍,婚姻狀況別
臺中市,結婚人數按性別、年齡、原屬國籍(地區)及婚前婚姻狀況分(按發生日期)-男生結婚年齡平均數(單位:歲),本國籍_未婚,32,2018-01-01T00:00:00,,,本國籍,未婚
臺中市,結婚人數按性別、年齡、原屬國籍(地區)及婚前婚姻狀況分(按發生日期)-男生結婚年齡平均數(單位:歲),本國籍_離婚,44.2,2018-01-01T00:00:00,,,本國籍,離婚
臺中市,結婚人數按性別、年齡、原屬國籍(地區)及婚前婚姻狀況分(按發生日期)-男生結婚年齡平均數(單位:歲),本國籍_喪偶,58.5,2018-01-01T00:00:00,,,本國籍,喪偶
臺中市,結婚人數按性別、年齡、原屬國籍(地區)及婚前婚姻狀況分(按發生日期)-女生結婚年齡平均數(單位:歲),本國籍_婚姻狀況別,31.4,2018-01-01T00:00:00,,,本國籍,婚姻狀況別
臺中市,結婚人數按性別、年齡、原屬國籍(地區)及婚前婚姻狀況分(按發生日期)-女生結婚年齡平均數(單位:歲),本國籍_未婚,29.9,2018-01-01T00:00:00,,,本國籍,未婚
臺中市,結婚人數按性別、年齡、原屬國籍(地區)及婚前婚姻狀況分(按發生日期)-女生結婚年齡平均數(單位:歲),本國籍_離婚,39.5,2018-01-01T00:00:00,,,本國籍,離婚
臺中市,結婚人數按性別、年齡、原屬國籍(地區)及婚前婚姻狀況分(按發生日期)-女生結婚年齡平均數(單位:歲),本國籍_喪偶,47.4,2018-01-01T00:00:00,,,本國籍,喪偶
臺中市,結婚人數按性別、年齡、原屬國籍(地區)及婚前婚姻狀況分(按發生日期)-結婚人數(單位:人),男_45~49歲_本國籍_未婚,199,2018-01-01T00:00:00,男,45~49歲,本國籍,未婚
臺中市,結婚人數按性別、年齡、原屬國籍(地區)及婚前婚姻狀況分(按發生日期)-結婚人數(單位:人),男_40~44歲_本國籍_喪偶,4,2018-01-01T00:00:00,男,40~44歲,本國籍,喪偶
臺中市,結婚人數按性別、年齡、原屬國籍(地區)及婚前婚姻狀況分(按發生日期)-結婚人數(單位:人),男_40~44歲_本國籍_離婚,462,2018-01-01T00:00:00,男,40~44歲,本國籍,離婚
臺中市,結婚人數按性別、年齡、原屬國籍(地區)及婚前婚姻狀況分(按發生日期)-結婚人數(單位:人),男_40~44歲_本國籍_未婚,751,2018-01-01T00:00:00,男,40~44歲,本國籍,未婚
臺中市,結婚人數按性別、年齡、原屬國籍(地區)及婚前婚姻狀況分(按發生日期)-結婚人數(單位:人),男_35~39歲_本國籍_喪偶,6,2018-01-01T00:00:00,男,35~39歲,本國籍,喪偶
臺中市,結婚人數按性別、年齡、原屬國籍(地區)及婚前婚姻狀況分(按發生日期)-結婚人數(單位:人),男_35~39歲_本國籍_離婚,561,2018-01-01T00:00:00,男,35~39歲,本國籍,離婚
臺中市,結婚人數按性別、年齡、原屬國籍(地區)及婚前婚姻狀況分(按發生日期)-結婚人數(單位:人),男_35~39歲_本國籍_未婚,2585,2018-01-01T00:00:00,男,35~39歲,本國籍,未婚
臺中市,結婚人數按性別、年齡、原屬國籍(地區)及婚前婚姻狀況分(按發生日期)-結婚人數(單位:人),男_30~34歲_本國籍_喪偶,1,2018-01-01T00:00:00,男,30~34歲,本國籍,喪偶
臺中市,結婚人數按性別、年齡、原屬國籍(地區)及婚前婚姻狀況分(按發生日期)-結婚人數(單位:人),男_30~34歲_本國籍_離婚,313,2018-01-01T00:00:00,男,30~34歲,本國籍,離婚
臺中市,結婚人數按性別、年齡、原屬國籍(地區)及婚前婚姻狀況分(按發生日期)-結婚人數(單位:人),男_30~34歲_本國籍_未婚,5035,2018-01-01T00:00:00,男,30~34歲,本國籍,未婚
臺中市,結婚人數按性別、年齡、原屬國籍(地區)及婚前婚姻狀況分(按發生日期)-結婚人數(單位:人),男_25~29歲_本國籍_喪偶,0,2018-01-01T00:00:00,男,25~29歲,本國籍,喪偶
臺中市,結婚人數按性別、年齡、原屬國籍(地區)及婚前婚姻狀況分(按發生日期)-結婚人數(單位:人),女_15~19歲_本國籍_喪偶,0,2018-01-01T00:00:00,女,15~19歲,本國籍,喪偶
臺中市,結婚人數按性別、年齡、原屬國籍(地區)及婚前婚姻狀況分(按發生日期)-結婚人數(單位:人),女_20~24歲_本國籍_未婚,1645,2018-01-01T00:00:00,女,20~24歲,本國籍,未婚
臺中市,結婚人數按性別、年齡、原屬國籍(地區)及婚前婚姻狀況分(按發生日期)-結婚人數(單位:人),女_20~24歲_本國籍_離婚,94,2018-01-01T00:00:00,女,20~24歲,本國籍,離婚
臺中市,結婚人數按性別、年齡、原屬國籍(地區)及婚前婚姻狀況分(按發生日期)-結婚人數(單位:人),女_20~24歲_本國籍_喪偶,0,2018-01-01T00:00:00,女,20~24歲,本國籍,喪偶
臺中市,結婚人數按性別、年齡、原屬國籍(地區)及婚前婚姻狀況分(按發生日期)-結婚人數(單位:人),女_25~29歲_本國籍_未婚,5304,2018-01-01T00:00:00,女,25~29歲,本國籍,未婚
臺中市,結婚人數按性別、年齡、原屬國籍(地區)及婚前婚姻狀況分(按發生日期)-結婚人數(單位:人),女_25~29歲_本國籍_離婚,259,2018-01-01T00:00:00,女,25~29歲,本國籍,離婚
臺中市,結婚人數按性別、年齡、原屬國籍(地區)及婚前婚姻狀況分(按發生日期)-結婚人數(單位:人),女_40~44歲_本國籍_喪偶,11,2018-01-01T00:00:00,女,40~44歲,本國籍,喪偶
臺中市,結婚人數按性別、年齡、原屬國籍(地區)及婚前婚姻狀況分(按發生日期)-結婚人數(單位:人),女_45~49歲_本國籍_未婚,73,2018-01-01T00:00:00,女,45~49歲,本國籍,未婚
臺中市,結婚人數按性別、年齡、原屬國籍(地區)及婚前婚姻狀況分(按發生日期)-結婚人數(單位:人),女_45~49歲_本國籍_離婚,225,2018-01-01T00:00:00,女,45~49歲,本國籍,離婚
臺中市,結婚人數按性別、年齡、原屬國籍(地區)及婚前婚姻狀況分(按發生日期)-結婚人數(單位:人),女_45~49歲_本國籍_喪偶,10,2018-01-01T00:00:00,女,45~49歲,本國籍,喪偶
臺中市,結婚人數按性別、年齡、原屬國籍(地區)及婚前婚姻狀況分(按發生日期)-結婚人數(單位:人),女_50~54歲_本國籍_未婚,23,2018-01-01T00:00:00,女,50~54歲,本國籍,未婚
臺中市,結婚人數按性別、年齡、原屬國籍(地區)及婚前婚姻狀況分(按發生日期)-結婚人數(單位:人),女_50~54歲_本國籍_離婚,162,2018-01-01T00:00:00,女,50~54歲,本國籍,離婚
臺中市,結婚人數按性別、年齡、原屬國籍(地區)及婚前婚姻狀況分(按發生日期)-結婚人數(單位:人),女_65歲以上_本國籍_喪偶,3,2018-01-01T00:00:00,女,65歲以上,本國籍,喪偶
臺中市,結婚人數按性別、年齡、原屬國籍(地區)及婚前婚姻狀況分(按發生日期)-男生結婚年齡第一四分位數Q1(單位:歲),國籍別_婚姻狀況別,28.5,2018-01-01T00:00:00,,,國籍別,婚姻狀況別
臺中市,結婚人數按性別、年齡、原屬國籍(地區)及婚前婚姻狀況分(按發生日期)-男生結婚年齡第一四分位數Q1(單位:歲),國籍別_未婚,27.8,2018-01-01T00:00:00,,,國籍別,未婚
臺中市,結婚人數按性別、年齡、原屬國籍(地區)及婚前婚姻狀況分(按發生日期)-男生結婚年齡第一四分位數Q1(單位:歲),國籍別_離婚,36.6,2018-01-01T00:00:00,,,國籍別,離婚
臺中市,結婚人數按性別、年齡、原屬國籍(地區)及婚前婚姻狀況分(按發生日期)-男生結婚年齡第一四分位數Q1(單位:歲),國籍別_喪偶,53,2018-01-01T00:00:00,,,國籍別,喪偶
臺中市,結婚人數按性別、年齡、原屬國籍(地區)及婚前婚姻狀況分(按發生日期)-女生結婚年齡第一四分位數Q1(單位:歲),國籍別_婚姻狀況別,26.6,2018-01-01T00:00:00,,,國籍別,婚姻狀況別
臺中市,結婚人數按性別、年齡、原屬國籍(地區)及婚前婚姻狀況分(按發生日期)-女生結婚年齡第一四分位數Q1(單位:歲),國籍別_未婚,26.2,2018-01-01T00:00:00,,,國籍別,未婚
臺中市,結婚人數按性別、年齡、原屬國籍(地區)及婚前婚姻狀況分(按發生日期)-女生結婚年齡第一四分位數Q1(單位:歲),國籍別_離婚,32.5,2018-01-01T00:00:00,,,國籍別,離婚
臺中市,結婚人數按性別、年齡、原屬國籍(地區)及婚前婚姻狀況分(按發生日期)-女生結婚年齡第一四分位數Q1(單位:歲),國籍別_喪偶,37.7,2018-01-01T00:00:00,,,國籍別,喪偶
臺中市,結婚人數按性別、年齡、原屬國籍(地區)及婚前婚姻狀況分(按發生日期)-男生結婚年齡中位數Q2(單位:歲),國籍別_婚姻狀況別,32.7,2018-01-01T00:00:00,,,國籍別,婚姻狀況別
臺中市,結婚人數按性別、年齡、原屬國籍(地區)及婚前婚姻狀況分(按發生日期)-男生結婚年齡中位數Q2(單位:歲),國籍別_未婚,31.7,2018-01-01T00:00:00,,,國籍別,未婚
臺中市,結婚人數按性別、年齡、原屬國籍(地區)及婚前婚姻狀況分(按發生日期)-男生結婚年齡中位數Q2(單位:歲),國籍別_離婚,42.6,2018-01-01T00:00:00,,,國籍別,離婚
臺中市,結婚人數按性別、年齡、原屬國籍(地區)及婚前婚姻狀況分(按發生日期)-男生結婚年齡中位數Q2(單位:歲),國籍別_喪偶,59.6,2018-01-01T00:00:00,,,國籍別,喪偶
臺中市,結婚人數按性別、年齡、原屬國籍(地區)及婚前婚姻狀況分(按發生日期)-女生結婚年齡中位數Q2(單位:歲),國籍別_婚姻狀況別,30.3,2018-01-01T00:00:00,,,國籍別,婚姻狀況別
臺中市,結婚人數按性別、年齡、原屬國籍(地區)及婚前婚姻狀況分(按發生日期)-女生結婚年齡中位數Q2(單位:歲),國籍別_未婚,29.4,2018-01-01T00:00:00,,,國籍別,未婚
臺中市,結婚人數按性別、年齡、原屬國籍(地區)及婚前婚姻狀況分(按發生日期)-女生結婚年齡中位數Q2(單位:歲),國籍別_離婚,37.9,2018-01-01T00:00:00,,,國籍別,離婚
臺中市,結婚人數按性別、年齡、原屬國籍(地區)及婚前婚姻狀況分(按發生日期)-女生結婚年齡中位數Q2(單位:歲),國籍別_喪偶,45.2,2018-01-01T00:00:00,,,國籍別,喪偶
臺中市,結婚人數按性別、年齡、原屬國籍(地區)及婚前婚姻狀況分(按發生日期)-男生結婚年齡第三四分位數Q3(單位:歲),國籍別_婚姻狀況別,37.6,2018-01-01T00:00:00,,,國籍別,婚姻狀況別
臺中市,結婚人數按性別、年齡、原屬國籍(地區)及婚前婚姻狀況分(按發生日期)-男生結婚年齡第三四分位數Q3(單位:歲),國籍別_未婚,35.3,2018-01-01T00:00:00,,,國籍別,未婚
臺中市,結婚人數按性別、年齡、原屬國籍(地區)及婚前婚姻狀況分(按發生日期)-男生結婚年齡第三四分位數Q3(單位:歲),國籍別_離婚,51.5,2018-01-01T00:00:00,,,國籍別,離婚
臺中市,結婚人數按性別、年齡、原屬國籍(地區)及婚前婚姻狀況分(按發生日期)-男生結婚年齡第三四分位數Q3(單位:歲),國籍別_喪偶,66.4,2018-01-01T00:00:00,,,國籍別,喪偶
臺中市,結婚人數按性別、年齡、原屬國籍(地區)及婚前婚姻狀況分(按發生日期)-女生結婚年齡第三四分位數Q3(單位:歲),國籍別_婚姻狀況別,34.6,2018-01-01T00:00:00,,,國籍別,婚姻狀況別
臺中市,結婚人數按性別、年齡、原屬國籍(地區)及婚前婚姻狀況分(按發生日期)-女生結婚年齡第三四分位數Q3(單位:歲),國籍別_未婚,33.3,2018-01-01T00:00:00,,,國籍別,未婚
臺中市,結婚人數按性別、年齡、原屬國籍(地區)及婚前婚姻狀況分(按發生日期)-女生結婚年齡第三四分位數Q3(單位:歲),國籍別_離婚,44.7,2018-01-01T00:00:00,,,國籍別,離婚
臺中市,結婚人數按性別、年齡、原屬國籍(地區)及婚前婚姻狀況分(按發生日期)-女生結婚年齡第三四分位數Q3(單位:歲),國籍別_喪偶,52.8,2018-01-01T00:00:00,,,國籍別,喪偶
臺中市,結婚人數按性別、年齡、原屬國籍(地區)及婚前婚姻狀況分(按發生日期)-男生結婚年齡平均數(單位:歲),國籍別_婚姻狀況別,34,2018-01-01T00:00:00,,,國籍別,婚姻狀況別
臺中市,結婚人數按性別、年齡、原屬國籍(地區)及婚前婚姻狀況分(按發生日期)-男生結婚年齡平均數(單位:歲),國籍別_未婚,32.1,2018-01-01T00:00:00,,,國籍別,未婚
臺中市,結婚人數按性別、年齡、原屬國籍(地區)及婚前婚姻狀況分(按發生日期)-男生結婚年齡平均數(單位:歲),國籍別_離婚,44.2,2018-01-01T00:00:00,,,國籍別,離婚
臺中市,結婚人數按性別、年齡、原屬國籍(地區)及婚前婚姻狀況分(按發生日期)-男生結婚年齡平均數(單位:歲),國籍別_喪偶,58.4,2018-01-01T00:00:00,,,國籍別,喪偶
臺中市,結婚人數按性別、年齡、原屬國籍(地區)及婚前婚姻狀況分(按發生日期)-女生結婚年齡平均數(單位:歲),國籍別_婚姻狀況別,31.4,2018-01-01T00:00:00,,,國籍別,婚姻狀況別
臺中市,結婚人數按性別、年齡、原屬國籍(地區)及婚前婚姻狀況分(按發生日期)-女生結婚年齡平均數(單位:歲),國籍別_未婚,29.9,2018-01-01T00:00:00,,,國籍別,未婚
臺中市,結婚人數按性別、年齡、原屬國籍(地區)及婚前婚姻狀況分(按發生日期)-女生結婚年齡平均數(單位:歲),國籍別_離婚,39.3,2018-01-01T00:00:00,,,國籍別,離婚
臺中市,結婚人數按性別、年齡、原屬國籍(地區)及婚前婚姻狀況分(按發生日期)-女生結婚年齡平均數(單位:歲),國籍別_喪偶,45.8,2018-01-01T00:00:00,,,國籍別,喪偶
臺中市,結婚人數按性別、年齡、原屬國籍(地區)及婚前婚姻狀況分(按發生日期)-結婚人數(單位:人),男_未滿15歲_大陸地區_未婚,0,2018-01-01T00:00:00,男,未滿15歲,大陸地區,未婚
臺中市,結婚人數按性別、年齡、原屬國籍(地區)及婚前婚姻狀況分(按發生日期)-結婚人數(單位:人),男_未滿15歲_大陸地區_離婚,0,2018-01-01T00:00:00,男,未滿15歲,大陸地區,離婚
臺中市,結婚人數按性別、年齡、原屬國籍(地區)及婚前婚姻狀況分(按發生日期)-結婚人數(單位:人),男_未滿15歲_大陸地區_喪偶,0,2018-01-01T00:00:00,男,未滿15歲,大陸地區,喪偶
臺中市,結婚人數按性別、年齡、原屬國籍(地區)及婚前婚姻狀況分(按發生日期)-結婚人數(單位:人),男_15~19歲_大陸地區_未婚,0,2018-01-01T00:00:00,男,15~19歲,大陸地區,未婚
臺中市,結婚人數按性別、年齡、原屬國籍(地區)及婚前婚姻狀況分(按發生日期)-結婚人數(單位:人),男_15~19歲_大陸地區_離婚,0,2018-01-01T00:00:00,男,15~19歲,大陸地區,離婚
臺中市,結婚人數按性別、年齡、原屬國籍(地區)及婚前婚姻狀況分(按發生日期)-結婚人數(單位:人),男_15~19歲_大陸地區_喪偶,0,2018-01-01T00:00:00,男,15~19歲,大陸地區,喪偶
臺中市,結婚人數按性別、年齡、原屬國籍(地區)及婚前婚姻狀況分(按發生日期)-結婚人數(單位:人),男_20~24歲_大陸地區_未婚,10,2018-01-01T00:00:00,男,20~24歲,大陸地區,未婚
臺中市,結婚人數按性別、年齡、原屬國籍(地區)及婚前婚姻狀況分(按發生日期)-結婚人數(單位:人),男_20~24歲_大陸地區_離婚,0,2018-01-01T00:00:00,男,20~24歲,大陸地區,離婚
臺中市,結婚人數按性別、年齡、原屬國籍(地區)及婚前婚姻狀況分(按發生日期)-結婚人數(單位:人),男_20~24歲_大陸地區_喪偶,0,2018-01-01T00:00:00,男,20~24歲,大陸地區,喪偶
臺中市,結婚人數按性別、年齡、原屬國籍(地區)及婚前婚姻狀況分(按發生日期)-結婚人數(單位:人),男_25~29歲_大陸地區_未婚,38,2018-01-01T00:00:00,男,25~29歲,大陸地區,未婚
臺中市,結婚人數按性別、年齡、原屬國籍(地區)及婚前婚姻狀況分(按發生日期)-結婚人數(單位:人),男_25~29歲_大陸地區_離婚,0,2018-01-01T00:00:00,男,25~29歲,大陸地區,離婚
臺中市,結婚人數按性別、年齡、原屬國籍(地區)及婚前婚姻狀況分(按發生日期)-結婚人數(單位:人),男_25~29歲_大陸地區_喪偶,0,2018-01-01T00:00:00,男,25~29歲,大陸地區,喪偶
臺中市,結婚人數按性別、年齡、原屬國籍(地區)及婚前婚姻狀況分(按發生日期)-結婚人數(單位:人),男_30~34歲_大陸地區_未婚,26,2018-01-01T00:00:00,男,30~34歲,大陸地區,未婚
臺中市,結婚人數按性別、年齡、原屬國籍(地區)及婚前婚姻狀況分(按發生日期)-結婚人數(單位:人),男_30~34歲_大陸地區_離婚,1,2018-01-01T00:00:00,男,30~34歲,大陸地區,離婚
臺中市,結婚人數按性別、年齡、原屬國籍(地區)及婚前婚姻狀況分(按發生日期)-結婚人數(單位:人),男_30~34歲_大陸地區_喪偶,0,2018-01-01T00:00:00,男,30~34歲,大陸地區,喪偶
臺中市,結婚人數按性別、年齡、原屬國籍(地區)及婚前婚姻狀況分(按發生日期)-結婚人數(單位:人),男_35~39歲_大陸地區_未婚,7,2018-01-01T00:00:00,男,35~39歲,大陸地區,未婚
臺中市,結婚人數按性別、年齡、原屬國籍(地區)及婚前婚姻狀況分(按發生日期)-結婚人數(單位:人),男_35~39歲_大陸地區_離婚,3,2018-01-01T00:00:00,男,35~39歲,大陸地區,離婚
臺中市,結婚人數按性別、年齡、原屬國籍(地區)及婚前婚姻狀況分(按發生日期)-結婚人數(單位:人),男_35~39歲_大陸地區_喪偶,0,2018-01-01T00:00:00,男,35~39歲,大陸地區,喪偶
臺中市,結婚人數按性別、年齡、原屬國籍(地區)及婚前婚姻狀況分(按發生日期)-結婚人數(單位:人),男_40~44歲_大陸地區_未婚,4,2018-01-01T00:00:00,男,40~44歲,大陸地區,未婚
臺中市,結婚人數按性別、年齡、原屬國籍(地區)及婚前婚姻狀況分(按發生日期)-結婚人數(單位:人),男_40~44歲_大陸地區_離婚,1,2018-01-01T00:00:00,男,40~44歲,大陸地區,離婚
臺中市,結婚人數按性別、年齡、原屬國籍(地區)及婚前婚姻狀況分(按發生日期)-結婚人數(單位:人),男_40~44歲_大陸地區_喪偶,0,2018-01-01T00:00:00,男,40~44歲,大陸地區,喪偶
臺中市,結婚人數按性別、年齡、原屬國籍(地區)及婚前婚姻狀況分(按發生日期)-結婚人數(單位:人),男_45~49歲_大陸地區_未婚,5,2018-01-01T00:00:00,男,45~49歲,大陸地區,未婚
臺中市,結婚人數按性別、年齡、原屬國籍(地區)及婚前婚姻狀況分(按發生日期)-結婚人數(單位:人),男_45~49歲_大陸地區_離婚,3,2018-01-01T00:00:00,男,45~49歲,大陸地區,離婚
臺中市,結婚人數按性別、年齡、原屬國籍(地區)及婚前婚姻狀況分(按發生日期)-結婚人數(單位:人),男_45~49歲_大陸地區_喪偶,0,2018-01-01T00:00:00,男,45~49歲,大陸地區,喪偶
臺中市,結婚人數按性別、年齡、原屬國籍(地區)及婚前婚姻狀況分(按發生日期)-結婚人數(單位:人),男_50~54歲_大陸地區_未婚,2,2018-01-01T00:00:00,男,50~54歲,大陸地區,未婚
臺中市,結婚人數按性別、年齡、原屬國籍(地區)及婚前婚姻狀況分(按發生日期)-結婚人數(單位:人),男_50~54歲_大陸地區_離婚,0,2018-01-01T00:00:00,男,50~54歲,大陸地區,離婚
臺中市,結婚人數按性別、年齡、原屬國籍(地區)及婚前婚姻狀況分(按發生日期)-結婚人數(單位:人),男_50~54歲_大陸地區_喪偶,1,2018-01-01T00:00:00,男,50~54歲,大陸地區,喪偶
臺中市,結婚人數按性別、年齡、原屬國籍(地區)及婚前婚姻狀況分(按發生日期)-結婚人數(單位:人),男_55~59歲_大陸地區_未婚,1,2018-01-01T00:00:00,男,55~59歲,大陸地區,未婚
臺中市,結婚人數按性別、年齡、原屬國籍(地區)及婚前婚姻狀況分(按發生日期)-結婚人數(單位:人),男_55~59歲_大陸地區_離婚,1,2018-01-01T00:00:00,男,55~59歲,大陸地區,離婚
臺中市,結婚人數按性別、年齡、原屬國籍(地區)及婚前婚姻狀況分(按發生日期)-結婚人數(單位:人),男_55~59歲_大陸地區_喪偶,0,2018-01-01T00:00:00,男,55~59歲,大陸地區,喪偶
臺中市,結婚人數按性別、年齡、原屬國籍(地區)及婚前婚姻狀況分(按發生日期)-結婚人數(單位:人),男_60~64歲_大陸地區_未婚,2,2018-01-01T00:00:00,男,60~64歲,大陸地區,未婚
臺中市,結婚人數按性別、年齡、原屬國籍(地區)及婚前婚姻狀況分(按發生日期)-結婚人數(單位:人),男_60~64歲_大陸地區_離婚,1,2018-01-01T00:00:00,男,60~64歲,大陸地區,離婚
臺中市,結婚人數按性別、年齡、原屬國籍(地區)及婚前婚姻狀況分(按發生日期)-結婚人數(單位:人),男_60~64歲_大陸地區_喪偶,0,2018-01-01T00:00:00,男,60~64歲,大陸地區,喪偶
臺中市,結婚人數按性別、年齡、原屬國籍(地區)及婚前婚姻狀況分(按發生日期)-結婚人數(單位:人),男_65歲以上_大陸地區_未婚,0,2018-01-01T00:00:00,男,65歲以上,大陸地區,未婚
臺中市,結婚人數按性別、年齡、原屬國籍(地區)及婚前婚姻狀況分(按發生日期)-結婚人數(單位:人),男_65歲以上_大陸地區_離婚,0,2018-01-01T00:00:00,男,65歲以上,大陸地區,離婚
臺中市,結婚人數按性別、年齡、原屬國籍(地區)及婚前婚姻狀況分(按發生日期)-結婚人數(單位:人),男_65歲以上_大陸地區_喪偶,0,2018-01-01T00:00:00,男,65歲以上,大陸地區,喪偶
臺中市,結婚人數按性別、年齡、原屬國籍(地區)及婚前婚姻狀況分(按發生日期)-男生結婚年齡第一四分位數Q1(單位:歲),大陸地區_未婚,26.8,2018-01-01T00:00:00,,,大陸地區,未婚
臺中市,結婚人數按性別、年齡、原屬國籍(地區)及婚前婚姻狀況分(按發生日期)-男生結婚年齡第一四分位數Q1(單位:歲),大陸地區_離婚,37.5,2018-01-01T00:00:00,,,大陸地區,離婚
臺中市,結婚人數按性別、年齡、原屬國籍(地區)及婚前婚姻狀況分(按發生日期)-男生結婚年齡第一四分位數Q1(單位:歲),大陸地區_喪偶,51.3,2018-01-01T00:00:00,,,大陸地區,喪偶
臺中市,結婚人數按性別、年齡、原屬國籍(地區)及婚前婚姻狀況分(按發生日期)-男生結婚年齡中位數Q2(單位:歲),大陸地區_未婚,29.9,2018-01-01T00:00:00,,,大陸地區,未婚
臺中市,結婚人數按性別、年齡、原屬國籍(地區)及婚前婚姻狀況分(按發生日期)-男生結婚年齡中位數Q2(單位:歲),大陸地區_離婚,45,2018-01-01T00:00:00,,,大陸地區,離婚
臺中市,結婚人數按性別、年齡、原屬國籍(地區)及婚前婚姻狀況分(按發生日期)-男生結婚年齡中位數Q2(單位:歲),大陸地區_喪偶,52.5,2018-01-01T00:00:00,,,大陸地區,喪偶
臺中市,結婚人數按性別、年齡、原屬國籍(地區)及婚前婚姻狀況分(按發生日期)-男生結婚年齡第三四分位數Q3(單位:歲),大陸地區_未婚,34.5,2018-01-01T00:00:00,,,大陸地區,未婚
臺中市,結婚人數按性別、年齡、原屬國籍(地區)及婚前婚姻狀況分(按發生日期)-男生結婚年齡第三四分位數Q3(單位:歲),大陸地區_離婚,49.2,2018-01-01T00:00:00,,,大陸地區,離婚
臺中市,結婚人數按性別、年齡、原屬國籍(地區)及婚前婚姻狀況分(按發生日期)-男生結婚年齡第三四分位數Q3(單位:歲),大陸地區_喪偶,53.8,2018-01-01T00:00:00,,,大陸地區,喪偶
臺中市,結婚人數按性別、年齡、原屬國籍(地區)及婚前婚姻狀況分(按發生日期)-男生結婚年齡平均數(單位:歲),大陸地區_未婚,32.3,2018-01-01T00:00:00,,,大陸地區,未婚
臺中市,結婚人數按性別、年齡、原屬國籍(地區)及婚前婚姻狀況分(按發生日期)-結婚人數(單位:人),女_未滿15歲_大陸地區_未婚,0,2018-01-01T00:00:00,女,未滿15歲,大陸地區,未婚
臺中市,結婚人數按性別、年齡、原屬國籍(地區)及婚前婚姻狀況分(按發生日期)-男生結婚年齡平均數(單位:歲),大陸地區_離婚,45,2018-01-01T00:00:00,,,大陸地區,離婚
臺中市,結婚人數按性別、年齡、原屬國籍(地區)及婚前婚姻狀況分(按發生日期)-男生結婚年齡平均數(單位:歲),大陸地區_喪偶,52.5,2018-01-01T00:00:00,,,大陸地區,喪偶
臺中市,結婚人數按性別、年齡、原屬國籍(地區)及婚前婚姻狀況分(按發生日期)-結婚人數(單位:人),女_未滿15歲_大陸地區_離婚,0,2018-01-01T00:00:00,女,未滿15歲,大陸地區,離婚
臺中市,結婚人數按性別、年齡、原屬國籍(地區)及婚前婚姻狀況分(按發生日期)-結婚人數(單位:人),女_未滿15歲_大陸地區_喪偶,0,2018-01-01T00:00:00,女,未滿15歲,大陸地區,喪偶
臺中市,結婚人數按性別、年齡、原屬國籍(地區)及婚前婚姻狀況分(按發生日期)-結婚人數(單位:人),女_15~19歲_大陸地區_未婚,0,2018-01-01T00:00:00,女,15~19歲,大陸地區,未婚
臺中市,結婚人數按性別、年齡、原屬國籍(地區)及婚前婚姻狀況分(按發生日期)-結婚人數(單位:人),女_15~19歲_大陸地區_離婚,0,2018-01-01T00:00:00,女,15~19歲,大陸地區,離婚
臺中市,結婚人數按性別、年齡、原屬國籍(地區)及婚前婚姻狀況分(按發生日期)-結婚人數(單位:人),女_15~19歲_大陸地區_喪偶,0,2018-01-01T00:00:00,女,15~19歲,大陸地區,喪偶
臺中市,結婚人數按性別、年齡、原屬國籍(地區)及婚前婚姻狀況分(按發生日期)-結婚人數(單位:人),女_20~24歲_大陸地區_未婚,57,2018-01-01T00:00:00,女,20~24歲,大陸地區,未婚
臺中市,結婚人數按性別、年齡、原屬國籍(地區)及婚前婚姻狀況分(按發生日期)-結婚人數(單位:人),女_20~24歲_大陸地區_離婚,0,2018-01-01T00:00:00,女,20~24歲,大陸地區,離婚
臺中市,結婚人數按性別、年齡、原屬國籍(地區)及婚前婚姻狀況分(按發生日期)-結婚人數(單位:人),女_20~24歲_大陸地區_喪偶,0,2018-01-01T00:00:00,女,20~24歲,大陸地區,喪偶
臺中市,結婚人數按性別、年齡、原屬國籍(地區)及婚前婚姻狀況分(按發生日期)-結婚人數(單位:人),女_25~29歲_大陸地區_未婚,174,2018-01-01T00:00:00,女,25~29歲,大陸地區,未婚
臺中市,結婚人數按性別、年齡、原屬國籍(地區)及婚前婚姻狀況分(按發生日期)-結婚人數(單位:人),女_25~29歲_大陸地區_離婚,11,2018-01-01T00:00:00,女,25~29歲,大陸地區,離婚
臺中市,結婚人數按性別、年齡、原屬國籍(地區)及婚前婚姻狀況分(按發生日期)-結婚人數(單位:人),女_25~29歲_大陸地區_喪偶,0,2018-01-01T00:00:00,女,25~29歲,大陸地區,喪偶
臺中市,結婚人數按性別、年齡、原屬國籍(地區)及婚前婚姻狀況分(按發生日期)-結婚人數(單位:人),女_30~34歲_大陸地區_未婚,148,2018-01-01T00:00:00,女,30~34歲,大陸地區,未婚
臺中市,結婚人數按性別、年齡、原屬國籍(地區)及婚前婚姻狀況分(按發生日期)-結婚人數(單位:人),女_30~34歲_大陸地區_離婚,33,2018-01-01T00:00:00,女,30~34歲,大陸地區,離婚
臺中市,結婚人數按性別、年齡、原屬國籍(地區)及婚前婚姻狀況分(按發生日期)-結婚人數(單位:人),女_30~34歲_大陸地區_喪偶,0,2018-01-01T00:00:00,女,30~34歲,大陸地區,喪偶
臺中市,結婚人數按性別、年齡、原屬國籍(地區)及婚前婚姻狀況分(按發生日期)-結婚人數(單位:人),女_35~39歲_大陸地區_未婚,68,2018-01-01T00:00:00,女,35~39歲,大陸地區,未婚
臺中市,結婚人數按性別、年齡、原屬國籍(地區)及婚前婚姻狀況分(按發生日期)-結婚人數(單位:人),女_35~39歲_大陸地區_離婚,35,2018-01-01T00:00:00,女,35~39歲,大陸地區,離婚
臺中市,結婚人數按性別、年齡、原屬國籍(地區)及婚前婚姻狀況分(按發生日期)-結婚人數(單位:人),女_35~39歲_大陸地區_喪偶,2,2018-01-01T00:00:00,女,35~39歲,大陸地區,喪偶
臺中市,結婚人數按性別、年齡、原屬國籍(地區)及婚前婚姻狀況分(按發生日期)-結婚人數(單位:人),女_40~44歲_大陸地區_未婚,42,2018-01-01T00:00:00,女,40~44歲,大陸地區,未婚
臺中市,結婚人數按性別、年齡、原屬國籍(地區)及婚前婚姻狀況分(按發生日期)-結婚人數(單位:人),女_40~44歲_大陸地區_離婚,26,2018-01-01T00:00:00,女,40~44歲,大陸地區,離婚
臺中市,結婚人數按性別、年齡、原屬國籍(地區)及婚前婚姻狀況分(按發生日期)-結婚人數(單位:人),女_40~44歲_大陸地區_喪偶,1,2018-01-01T00:00:00,女,40~44歲,大陸地區,喪偶
臺中市,結婚人數按性別、年齡、原屬國籍(地區)及婚前婚姻狀況分(按發生日期)-結婚人數(單位:人),女_45~49歲_大陸地區_未婚,19,2018-01-01T00:00:00,女,45~49歲,大陸地區,未婚
臺中市,結婚人數按性別、年齡、原屬國籍(地區)及婚前婚姻狀況分(按發生日期)-結婚人數(單位:人),女_45~49歲_大陸地區_離婚,21,2018-01-01T00:00:00,女,45~49歲,大陸地區,離婚
臺中市,結婚人數按性別、年齡、原屬國籍(地區)及婚前婚姻狀況分(按發生日期)-結婚人數(單位:人),女_45~49歲_大陸地區_喪偶,3,2018-01-01T00:00:00,女,45~49歲,大陸地區,喪偶
臺中市,結婚人數按性別、年齡、原屬國籍(地區)及婚前婚姻狀況分(按發生日期)-結婚人數(單位:人),女_50~54歲_大陸地區_未婚,13,2018-01-01T00:00:00,女,50~54歲,大陸地區,未婚
臺中市,結婚人數按性別、年齡、原屬國籍(地區)及婚前婚姻狀況分(按發生日期)-結婚人數(單位:人),女_50~54歲_大陸地區_離婚,14,2018-01-01T00:00:00,女,50~54歲,大陸地區,離婚
臺中市,結婚人數按性別、年齡、原屬國籍(地區)及婚前婚姻狀況分(按發生日期)-結婚人數(單位:人),女_50~54歲_大陸地區_喪偶,2,2018-01-01T00:00:00,女,50~54歲,大陸地區,喪偶
臺中市,結婚人數按性別、年齡、原屬國籍(地區)及婚前婚姻狀況分(按發生日期)-結婚人數(單位:人),女_55~59歲_大陸地區_未婚,1,2018-01-01T00:00:00,女,55~59歲,大陸地區,未婚
臺中市,結婚人數按性別、年齡、原屬國籍(地區)及婚前婚姻狀況分(按發生日期)-結婚人數(單位:人),女_55~59歲_大陸地區_離婚,4,2018-01-01T00:00:00,女,55~59歲,大陸地區,離婚
臺中市,結婚人數按性別、年齡、原屬國籍(地區)及婚前婚姻狀況分(按發生日期)-結婚人數(單位:人),女_55~59歲_大陸地區_喪偶,1,2018-01-01T00:00:00,女,55~59歲,大陸地區,喪偶
臺中市,結婚人數按性別、年齡、原屬國籍(地區)及婚前婚姻狀況分(按發生日期)-結婚人數(單位:人),女_60~64歲_大陸地區_未婚,2,2018-01-01T00:00:00,女,60~64歲,大陸地區,未婚
臺中市,結婚人數按性別、年齡、原屬國籍(地區)及婚前婚姻狀況分(按發生日期)-結婚人數(單位:人),女_60~64歲_大陸地區_離婚,1,2018-01-01T00:00:00,女,60~64歲,大陸地區,離婚
臺中市,結婚人數按性別、年齡、原屬國籍(地區)及婚前婚姻狀況分(按發生日期)-結婚人數(單位:人),女_60~64歲_大陸地區_喪偶,1,2018-01-01T00:00:00,女,60~64歲,大陸地區,喪偶
臺中市,結婚人數按性別、年齡、原屬國籍(地區)及婚前婚姻狀況分(按發生日期)-結婚人數(單位:人),女_65歲以上_大陸地區_未婚,2,2018-01-01T00:00:00,女,65歲以上,大陸地區,未婚
臺中市,結婚人數按性別、年齡、原屬國籍(地區)及婚前婚姻狀況分(按發生日期)-結婚人數(單位:人),女_65歲以上_大陸地區_離婚,0,2018-01-01T00:00:00,女,65歲以上,大陸地區,離婚
臺中市,結婚人數按性別、年齡、原屬國籍(地區)及婚前婚姻狀況分(按發生日期)-結婚人數(單位:人),女_65歲以上_大陸地區_喪偶,0,2018-01-01T00:00:00,女,65歲以上,大陸地區,喪偶
臺中市,結婚人數按性別、年齡、原屬國籍(地區)及婚前婚姻狀況分(按發生日期)-女生結婚年齡第一四分位數Q1(單位:歲),大陸地區_未婚,27.1,2018-01-01T00:00:00,,,大陸地區,未婚
臺中市,結婚人數按性別、年齡、原屬國籍(地區)及婚前婚姻狀況分(按發生日期)-女生結婚年齡第一四分位數Q1(單位:歲),大陸地區_離婚,33.8,2018-01-01T00:00:00,,,大陸地區,離婚
臺中市,結婚人數按性別、年齡、原屬國籍(地區)及婚前婚姻狀況分(按發生日期)-女生結婚年齡第一四分位數Q1(單位:歲),大陸地區_喪偶,42.5,2018-01-01T00:00:00,,,大陸地區,喪偶
臺中市,結婚人數按性別、年齡、原屬國籍(地區)及婚前婚姻狀況分(按發生日期)-女生結婚年齡中位數Q2(單位:歲),大陸地區_未婚,31.1,2018-01-01T00:00:00,,,大陸地區,未婚
臺中市,結婚人數按性別、年齡、原屬國籍(地區)及婚前婚姻狀況分(按發生日期)-女生結婚年齡中位數Q2(單位:歲),大陸地區_離婚,39.1,2018-01-01T00:00:00,,,大陸地區,離婚
臺中市,結婚人數按性別、年齡、原屬國籍(地區)及婚前婚姻狀況分(按發生日期)-女生結婚年齡中位數Q2(單位:歲),大陸地區_喪偶,48.3,2018-01-01T00:00:00,,,大陸地區,喪偶
臺中市,結婚人數按性別、年齡、原屬國籍(地區)及婚前婚姻狀況分(按發生日期)-女生結婚年齡第三四分位數Q3(單位:歲),大陸地區_未婚,36.1,2018-01-01T00:00:00,,,大陸地區,未婚
臺中市,結婚人數按性別、年齡、原屬國籍(地區)及婚前婚姻狀況分(按發生日期)-女生結婚年齡第三四分位數Q3(單位:歲),大陸地區_離婚,45.9,2018-01-01T00:00:00,,,大陸地區,離婚
臺中市,結婚人數按性別、年齡、原屬國籍(地區)及婚前婚姻狀況分(按發生日期)-女生結婚年齡平均數(單位:歲),大陸地區_未婚,32.5,2018-01-01T00:00:00,,,大陸地區,未婚
臺中市,結婚人數按性別、年齡、原屬國籍(地區)及婚前婚姻狀況分(按發生日期)-女生結婚年齡第三四分位數Q3(單位:歲),大陸地區_喪偶,53.8,2018-01-01T00:00:00,,,大陸地區,喪偶
臺中市,結婚人數按性別、年齡、原屬國籍(地區)及婚前婚姻狀況分(按發生日期)-女生結婚年齡平均數(單位:歲),大陸地區_離婚,40.1,2018-01-01T00:00:00,,,大陸地區,離婚
臺中市,結婚人數按性別、年齡、原屬國籍(地區)及婚前婚姻狀況分(按發生日期)-女生結婚年齡平均數(單位:歲),大陸地區_喪偶,48.5,2018-01-01T00:00:00,,,大陸地區,喪偶
臺中市,結婚人數按性別、年齡、原屬國籍(地區)及婚前婚姻狀況分(按發生日期)-男生結婚年齡第一四分位數Q1(單位:歲),大陸地區_婚姻狀況別,27.2,2018-01-01T00:00:00,,,大陸地區,婚姻狀況別
臺中市,結婚人數按性別、年齡、原屬國籍(地區)及婚前婚姻狀況分(按發生日期)-男生結婚年齡中位數Q2(單位:歲),大陸地區_婚姻狀況別,30.9,2018-01-01T00:00:00,,,大陸地區,婚姻狀況別
臺中市,結婚人數按性別、年齡、原屬國籍(地區)及婚前婚姻狀況分(按發生日期)-男生結婚年齡第三四分位數Q3(單位:歲),大陸地區_婚姻狀況別,37.3,2018-01-01T00:00:00,,,大陸地區,婚姻狀況別
臺中市,結婚人數按性別、年齡、原屬國籍(地區)及婚前婚姻狀況分(按發生日期)-男生結婚年齡平均數(單位:歲),大陸地區_婚姻狀況別,33.7,2018-01-01T00:00:00,,,大陸地區,婚姻狀況別
臺中市,結婚人數按性別、年齡、原屬國籍(地區)及婚前婚姻狀況分(按發生日期)-女生結婚年齡第一四分位數Q1(單位:歲),大陸地區_婚姻狀況別,28.1,2018-01-01T00:00:00,,,大陸地區,婚姻狀況別
臺中市,結婚人數按性別、年齡、原屬國籍(地區)及婚前婚姻狀況分(按發生日期)-女生結婚年齡中位數Q2(單位:歲),大陸地區_婚姻狀況別,32.7,2018-01-01T00:00:00,,,大陸地區,婚姻狀況別
臺中市,結婚人數按性別、年齡、原屬國籍(地區)及婚前婚姻狀況分(按發生日期)-女生結婚年齡第三四分位數Q3(單位:歲),大陸地區_婚姻狀況別,39.2,2018-01-01T00:00:00,,,大陸地區,婚姻狀況別
臺中市,結婚人數按性別、年齡、原屬國籍(地區)及婚前婚姻狀況分(按發生日期)-女生結婚年齡平均數(單位:歲),大陸地區_婚姻狀況別,34.4,2018-01-01T00:00:00,,,大陸地區,婚姻狀況別
臺中市,結婚人數按性別、年齡、原屬國籍(地區)及婚前婚姻狀況分(按發生日期)-結婚人數(單位:人),男_未滿15歲_港澳地區_未婚,0,2018-01-01T00:00:00,男,未滿15歲,港澳地區,未婚
臺中市,結婚人數按性別、年齡、原屬國籍(地區)及婚前婚姻狀況分(按發生日期)-結婚人數(單位:人),男_未滿15歲_港澳地區_離婚,0,2018-01-01T00:00:00,男,未滿15歲,港澳地區,離婚
臺中市,結婚人數按性別、年齡、原屬國籍(地區)及婚前婚姻狀況分(按發生日期)-結婚人數(單位:人),男_未滿15歲_港澳地區_喪偶,0,2018-01-01T00:00:00,男,未滿15歲,港澳地區,喪偶
臺中市,結婚人數按性別、年齡、原屬國籍(地區)及婚前婚姻狀況分(按發生日期)-結婚人數(單位:人),男_15~19歲_港澳地區_未婚,0,2018-01-01T00:00:00,男,15~19歲,港澳地區,未婚
臺中市,結婚人數按性別、年齡、原屬國籍(地區)及婚前婚姻狀況分(按發生日期)-結婚人數(單位:人),男_15~19歲_港澳地區_離婚,0,2018-01-01T00:00:00,男,15~19歲,港澳地區,離婚
臺中市,結婚人數按性別、年齡、原屬國籍(地區)及婚前婚姻狀況分(按發生日期)-結婚人數(單位:人),男_15~19歲_港澳地區_喪偶,0,2018-01-01T00:00:00,男,15~19歲,港澳地區,喪偶
臺中市,結婚人數按性別、年齡、原屬國籍(地區)及婚前婚姻狀況分(按發生日期)-結婚人數(單位:人),男_20~24歲_港澳地區_未婚,2,2018-01-01T00:00:00,男,20~24歲,港澳地區,未婚
臺中市,結婚人數按性別、年齡、原屬國籍(地區)及婚前婚姻狀況分(按發生日期)-結婚人數(單位:人),男_20~24歲_港澳地區_離婚,0,2018-01-01T00:00:00,男,20~24歲,港澳地區,離婚
臺中市,結婚人數按性別、年齡、原屬國籍(地區)及婚前婚姻狀況分(按發生日期)-結婚人數(單位:人),男_20~24歲_港澳地區_喪偶,0,2018-01-01T00:00:00,男,20~24歲,港澳地區,喪偶
臺中市,結婚人數按性別、年齡、原屬國籍(地區)及婚前婚姻狀況分(按發生日期)-結婚人數(單位:人),男_25~29歲_港澳地區_未婚,20,2018-01-01T00:00:00,男,25~29歲,港澳地區,未婚
臺中市,結婚人數按性別、年齡、原屬國籍(地區)及婚前婚姻狀況分(按發生日期)-結婚人數(單位:人),男_25~29歲_港澳地區_離婚,0,2018-01-01T00:00:00,男,25~29歲,港澳地區,離婚
臺中市,結婚人數按性別、年齡、原屬國籍(地區)及婚前婚姻狀況分(按發生日期)-結婚人數(單位:人),男_25~29歲_港澳地區_喪偶,0,2018-01-01T00:00:00,男,25~29歲,港澳地區,喪偶
臺中市,結婚人數按性別、年齡、原屬國籍(地區)及婚前婚姻狀況分(按發生日期)-結婚人數(單位:人),男_30~34歲_港澳地區_未婚,18,2018-01-01T00:00:00,男,30~34歲,港澳地區,未婚
臺中市,結婚人數按性別、年齡、原屬國籍(地區)及婚前婚姻狀況分(按發生日期)-結婚人數(單位:人),男_30~34歲_港澳地區_離婚,0,2018-01-01T00:00:00,男,30~34歲,港澳地區,離婚
臺中市,結婚人數按性別、年齡、原屬國籍(地區)及婚前婚姻狀況分(按發生日期)-結婚人數(單位:人),男_30~34歲_港澳地區_喪偶,0,2018-01-01T00:00:00,男,30~34歲,港澳地區,喪偶
臺中市,結婚人數按性別、年齡、原屬國籍(地區)及婚前婚姻狀況分(按發生日期)-結婚人數(單位:人),男_35~39歲_港澳地區_未婚,8,2018-01-01T00:00:00,男,35~39歲,港澳地區,未婚
臺中市,結婚人數按性別、年齡、原屬國籍(地區)及婚前婚姻狀況分(按發生日期)-結婚人數(單位:人),男_35~39歲_港澳地區_離婚,1,2018-01-01T00:00:00,男,35~39歲,港澳地區,離婚
臺中市,結婚人數按性別、年齡、原屬國籍(地區)及婚前婚姻狀況分(按發生日期)-結婚人數(單位:人),男_35~39歲_港澳地區_喪偶,0,2018-01-01T00:00:00,男,35~39歲,港澳地區,喪偶
臺中市,結婚人數按性別、年齡、原屬國籍(地區)及婚前婚姻狀況分(按發生日期)-結婚人數(單位:人),男_40~44歲_港澳地區_未婚,6,2018-01-01T00:00:00,男,40~44歲,港澳地區,未婚
臺中市,結婚人數按性別、年齡、原屬國籍(地區)及婚前婚姻狀況分(按發生日期)-結婚人數(單位:人),男_40~44歲_港澳地區_離婚,1,2018-01-01T00:00:00,男,40~44歲,港澳地區,離婚
臺中市,結婚人數按性別、年齡、原屬國籍(地區)及婚前婚姻狀況分(按發生日期)-結婚人數(單位:人),男_40~44歲_港澳地區_喪偶,0,2018-01-01T00:00:00,男,40~44歲,港澳地區,喪偶
臺中市,結婚人數按性別、年齡、原屬國籍(地區)及婚前婚姻狀況分(按發生日期)-結婚人數(單位:人),男_45~49歲_港澳地區_未婚,2,2018-01-01T00:00:00,男,45~49歲,港澳地區,未婚
臺中市,結婚人數按性別、年齡、原屬國籍(地區)及婚前婚姻狀況分(按發生日期)-結婚人數(單位:人),男_45~49歲_港澳地區_離婚,0,2018-01-01T00:00:00,男,45~49歲,港澳地區,離婚
臺中市,結婚人數按性別、年齡、原屬國籍(地區)及婚前婚姻狀況分(按發生日期)-結婚人數(單位:人),男_45~49歲_港澳地區_喪偶,0,2018-01-01T00:00:00,男,45~49歲,港澳地區,喪偶
臺中市,結婚人數按性別、年齡、原屬國籍(地區)及婚前婚姻狀況分(按發生日期)-結婚人數(單位:人),男_50~54歲_港澳地區_未婚,0,2018-01-01T00:00:00,男,50~54歲,港澳地區,未婚
臺中市,結婚人數按性別、年齡、原屬國籍(地區)及婚前婚姻狀況分(按發生日期)-結婚人數(單位:人),男_50~54歲_港澳地區_離婚,1,2018-01-01T00:00:00,男,50~54歲,港澳地區,離婚
臺中市,結婚人數按性別、年齡、原屬國籍(地區)及婚前婚姻狀況分(按發生日期)-結婚人數(單位:人),男_50~54歲_港澳地區_喪偶,0,2018-01-01T00:00:00,男,50~54歲,港澳地區,喪偶
臺中市,結婚人數按性別、年齡、原屬國籍(地區)及婚前婚姻狀況分(按發生日期)-結婚人數(單位:人),男_55~59歲_港澳地區_未婚,2,2018-01-01T00:00:00,男,55~59歲,港澳地區,未婚
臺中市,結婚人數按性別、年齡、原屬國籍(地區)及婚前婚姻狀況分(按發生日期)-結婚人數(單位:人),男_55~59歲_港澳地區_離婚,0,2018-01-01T00:00:00,男,55~59歲,港澳地區,離婚
臺中市,結婚人數按性別、年齡、原屬國籍(地區)及婚前婚姻狀況分(按發生日期)-結婚人數(單位:人),男_55~59歲_港澳地區_喪偶,0,2018-01-01T00:00:00,男,55~59歲,港澳地區,喪偶
臺中市,結婚人數按性別、年齡、原屬國籍(地區)及婚前婚姻狀況分(按發生日期)-結婚人數(單位:人),男_60~64歲_港澳地區_未婚,0,2018-01-01T00:00:00,男,60~64歲,港澳地區,未婚
臺中市,結婚人數按性別、年齡、原屬國籍(地區)及婚前婚姻狀況分(按發生日期)-結婚人數(單位:人),男_60~64歲_港澳地區_離婚,1,2018-01-01T00:00:00,男,60~64歲,港澳地區,離婚
臺中市,結婚人數按性別、年齡、原屬國籍(地區)及婚前婚姻狀況分(按發生日期)-結婚人數(單位:人),男_60~64歲_港澳地區_喪偶,0,2018-01-01T00:00:00,男,60~64歲,港澳地區,喪偶
臺中市,結婚人數按性別、年齡、原屬國籍(地區)及婚前婚姻狀況分(按發生日期)-結婚人數(單位:人),男_65歲以上_港澳地區_未婚,0,2018-01-01T00:00:00,男,65歲以上,港澳地區,未婚
臺中市,結婚人數按性別、年齡、原屬國籍(地區)及婚前婚姻狀況分(按發生日期)-結婚人數(單位:人),男_65歲以上_港澳地區_離婚,0,2018-01-01T00:00:00,男,65歲以上,港澳地區,離婚
臺中市,結婚人數按性別、年齡、原屬國籍(地區)及婚前婚姻狀況分(按發生日期)-結婚人數(單位:人),男_65歲以上_港澳地區_喪偶,0,2018-01-01T00:00:00,男,65歲以上,港澳地區,喪偶
臺中市,結婚人數按性別、年齡、原屬國籍(地區)及婚前婚姻狀況分(按發生日期)-男生結婚年齡第一四分位數Q1(單位:歲),港澳地區_未婚,28.1,2018-01-01T00:00:00,,,港澳地區,未婚
臺中市,結婚人數按性別、年齡、原屬國籍(地區)及婚前婚姻狀況分(按發生日期)-男生結婚年齡第一四分位數Q1(單位:歲),港澳地區_離婚,40,2018-01-01T00:00:00,,,港澳地區,離婚
臺中市,結婚人數按性別、年齡、原屬國籍(地區)及婚前婚姻狀況分(按發生日期)-男生結婚年齡第一四分位數Q1(單位:歲),港澳地區_喪偶,0,2018-01-01T00:00:00,,,港澳地區,喪偶
臺中市,結婚人數按性別、年齡、原屬國籍(地區)及婚前婚姻狀況分(按發生日期)-男生結婚年齡中位數Q2(單位:歲),港澳地區_未婚,31.9,2018-01-01T00:00:00,,,港澳地區,未婚
臺中市,結婚人數按性別、年齡、原屬國籍(地區)及婚前婚姻狀況分(按發生日期)-男生結婚年齡中位數Q2(單位:歲),港澳地區_離婚,45,2018-01-01T00:00:00,,,港澳地區,離婚
臺中市,結婚人數按性別、年齡、原屬國籍(地區)及婚前婚姻狀況分(按發生日期)-男生結婚年齡中位數Q2(單位:歲),港澳地區_喪偶,0,2018-01-01T00:00:00,,,港澳地區,喪偶
臺中市,結婚人數按性別、年齡、原屬國籍(地區)及婚前婚姻狀況分(按發生日期)-男生結婚年齡第三四分位數Q3(單位:歲),港澳地區_未婚,37.2,2018-01-01T00:00:00,,,港澳地區,未婚
臺中市,結婚人數按性別、年齡、原屬國籍(地區)及婚前婚姻狀況分(按發生日期)-男生結婚年齡第三四分位數Q3(單位:歲),港澳地區_離婚,55,2018-01-01T00:00:00,,,港澳地區,離婚
臺中市,結婚人數按性別、年齡、原屬國籍(地區)及婚前婚姻狀況分(按發生日期)-男生結婚年齡第三四分位數Q3(單位:歲),港澳地區_喪偶,0,2018-01-01T00:00:00,,,港澳地區,喪偶
臺中市,結婚人數按性別、年齡、原屬國籍(地區)及婚前婚姻狀況分(按發生日期)-男生結婚年齡平均數(單位:歲),港澳地區_未婚,33.5,2018-01-01T00:00:00,,,港澳地區,未婚
臺中市,結婚人數按性別、年齡、原屬國籍(地區)及婚前婚姻狀況分(按發生日期)-男生結婚年齡平均數(單位:歲),港澳地區_離婚,48.8,2018-01-01T00:00:00,,,港澳地區,離婚
臺中市,結婚人數按性別、年齡、原屬國籍(地區)及婚前婚姻狀況分(按發生日期)-男生結婚年齡平均數(單位:歲),港澳地區_喪偶,0,2018-01-01T00:00:00,,,港澳地區,喪偶
臺中市,結婚人數按性別、年齡、原屬國籍(地區)及婚前婚姻狀況分(按發生日期)-結婚人數(單位:人),女_未滿15歲_港澳地區_未婚,0,2018-01-01T00:00:00,女,未滿15歲,港澳地區,未婚
臺中市,結婚人數按性別、年齡、原屬國籍(地區)及婚前婚姻狀況分(按發生日期)-結婚人數(單位:人),女_未滿15歲_港澳地區_離婚,0,2018-01-01T00:00:00,女,未滿15歲,港澳地區,離婚
臺中市,結婚人數按性別、年齡、原屬國籍(地區)及婚前婚姻狀況分(按發生日期)-結婚人數(單位:人),女_未滿15歲_港澳地區_喪偶,0,2018-01-01T00:00:00,女,未滿15歲,港澳地區,喪偶
臺中市,結婚人數按性別、年齡、原屬國籍(地區)及婚前婚姻狀況分(按發生日期)-結婚人數(單位:人),女_15~19歲_港澳地區_未婚,2,2018-01-01T00:00:00,女,15~19歲,港澳地區,未婚
臺中市,結婚人數按性別、年齡、原屬國籍(地區)及婚前婚姻狀況分(按發生日期)-結婚人數(單位:人),女_15~19歲_港澳地區_離婚,0,2018-01-01T00:00:00,女,15~19歲,港澳地區,離婚
臺中市,結婚人數按性別、年齡、原屬國籍(地區)及婚前婚姻狀況分(按發生日期)-結婚人數(單位:人),女_15~19歲_港澳地區_喪偶,0,2018-01-01T00:00:00,女,15~19歲,港澳地區,喪偶
臺中市,結婚人數按性別、年齡、原屬國籍(地區)及婚前婚姻狀況分(按發生日期)-結婚人數(單位:人),女_20~24歲_港澳地區_未婚,12,2018-01-01T00:00:00,女,20~24歲,港澳地區,未婚
臺中市,結婚人數按性別、年齡、原屬國籍(地區)及婚前婚姻狀況分(按發生日期)-結婚人數(單位:人),女_20~24歲_港澳地區_離婚,0,2018-01-01T00:00:00,女,20~24歲,港澳地區,離婚
臺中市,結婚人數按性別、年齡、原屬國籍(地區)及婚前婚姻狀況分(按發生日期)-結婚人數(單位:人),女_20~24歲_港澳地區_喪偶,0,2018-01-01T00:00:00,女,20~24歲,港澳地區,喪偶
臺中市,結婚人數按性別、年齡、原屬國籍(地區)及婚前婚姻狀況分(按發生日期)-結婚人數(單位:人),女_25~29歲_港澳地區_未婚,35,2018-01-01T00:00:00,女,25~29歲,港澳地區,未婚
臺中市,結婚人數按性別、年齡、原屬國籍(地區)及婚前婚姻狀況分(按發生日期)-結婚人數(單位:人),女_25~29歲_港澳地區_離婚,1,2018-01-01T00:00:00,女,25~29歲,港澳地區,離婚
臺中市,結婚人數按性別、年齡、原屬國籍(地區)及婚前婚姻狀況分(按發生日期)-結婚人數(單位:人),女_25~29歲_港澳地區_喪偶,0,2018-01-01T00:00:00,女,25~29歲,港澳地區,喪偶
臺中市,結婚人數按性別、年齡、原屬國籍(地區)及婚前婚姻狀況分(按發生日期)-結婚人數(單位:人),女_30~34歲_港澳地區_未婚,23,2018-01-01T00:00:00,女,30~34歲,港澳地區,未婚
臺中市,結婚人數按性別、年齡、原屬國籍(地區)及婚前婚姻狀況分(按發生日期)-結婚人數(單位:人),女_30~34歲_港澳地區_離婚,1,2018-01-01T00:00:00,女,30~34歲,港澳地區,離婚
臺中市,結婚人數按性別、年齡、原屬國籍(地區)及婚前婚姻狀況分(按發生日期)-結婚人數(單位:人),女_30~34歲_港澳地區_喪偶,0,2018-01-01T00:00:00,女,30~34歲,港澳地區,喪偶
臺中市,結婚人數按性別、年齡、原屬國籍(地區)及婚前婚姻狀況分(按發生日期)-結婚人數(單位:人),女_35~39歲_港澳地區_未婚,4,2018-01-01T00:00:00,女,35~39歲,港澳地區,未婚
臺中市,結婚人數按性別、年齡、原屬國籍(地區)及婚前婚姻狀況分(按發生日期)-結婚人數(單位:人),女_35~39歲_港澳地區_離婚,0,2018-01-01T00:00:00,女,35~39歲,港澳地區,離婚
臺中市,結婚人數按性別、年齡、原屬國籍(地區)及婚前婚姻狀況分(按發生日期)-結婚人數(單位:人),女_35~39歲_港澳地區_喪偶,0,2018-01-01T00:00:00,女,35~39歲,港澳地區,喪偶
臺中市,結婚人數按性別、年齡、原屬國籍(地區)及婚前婚姻狀況分(按發生日期)-結婚人數(單位:人),女_40~44歲_港澳地區_未婚,6,2018-01-01T00:00:00,女,40~44歲,港澳地區,未婚
臺中市,結婚人數按性別、年齡、原屬國籍(地區)及婚前婚姻狀況分(按發生日期)-結婚人數(單位:人),女_40~44歲_港澳地區_離婚,2,2018-01-01T00:00:00,女,40~44歲,港澳地區,離婚
臺中市,結婚人數按性別、年齡、原屬國籍(地區)及婚前婚姻狀況分(按發生日期)-結婚人數(單位:人),女_40~44歲_港澳地區_喪偶,0,2018-01-01T00:00:00,女,40~44歲,港澳地區,喪偶
臺中市,結婚人數按性別、年齡、原屬國籍(地區)及婚前婚姻狀況分(按發生日期)-結婚人數(單位:人),女_45~49歲_港澳地區_未婚,1,2018-01-01T00:00:00,女,45~49歲,港澳地區,未婚
臺中市,結婚人數按性別、年齡、原屬國籍(地區)及婚前婚姻狀況分(按發生日期)-結婚人數(單位:人),女_45~49歲_港澳地區_離婚,2,2018-01-01T00:00:00,女,45~49歲,港澳地區,離婚
臺中市,結婚人數按性別、年齡、原屬國籍(地區)及婚前婚姻狀況分(按發生日期)-結婚人數(單位:人),女_45~49歲_港澳地區_喪偶,0,2018-01-01T00:00:00,女,45~49歲,港澳地區,喪偶
臺中市,結婚人數按性別、年齡、原屬國籍(地區)及婚前婚姻狀況分(按發生日期)-結婚人數(單位:人),女_50~54歲_港澳地區_未婚,1,2018-01-01T00:00:00,女,50~54歲,港澳地區,未婚
臺中市,結婚人數按性別、年齡、原屬國籍(地區)及婚前婚姻狀況分(按發生日期)-結婚人數(單位:人),女_50~54歲_港澳地區_離婚,0,2018-01-01T00:00:00,女,50~54歲,港澳地區,離婚
臺中市,結婚人數按性別、年齡、原屬國籍(地區)及婚前婚姻狀況分(按發生日期)-結婚人數(單位:人),女_50~54歲_港澳地區_喪偶,1,2018-01-01T00:00:00,女,50~54歲,港澳地區,喪偶
臺中市,結婚人數按性別、年齡、原屬國籍(地區)及婚前婚姻狀況分(按發生日期)-結婚人數(單位:人),女_55~59歲_港澳地區_未婚,2,2018-01-01T00:00:00,女,55~59歲,港澳地區,未婚
臺中市,結婚人數按性別、年齡、原屬國籍(地區)及婚前婚姻狀況分(按發生日期)-結婚人數(單位:人),女_55~59歲_港澳地區_離婚,0,2018-01-01T00:00:00,女,55~59歲,港澳地區,離婚
臺中市,結婚人數按性別、年齡、原屬國籍(地區)及婚前婚姻狀況分(按發生日期)-結婚人數(單位:人),女_55~59歲_港澳地區_喪偶,0,2018-01-01T00:00:00,女,55~59歲,港澳地區,喪偶
臺中市,結婚人數按性別、年齡、原屬國籍(地區)及婚前婚姻狀況分(按發生日期)-結婚人數(單位:人),女_60~64歲_港澳地區_未婚,0,2018-01-01T00:00:00,女,60~64歲,港澳地區,未婚
臺中市,結婚人數按性別、年齡、原屬國籍(地區)及婚前婚姻狀況分(按發生日期)-結婚人數(單位:人),女_60~64歲_港澳地區_離婚,0,2018-01-01T00:00:00,女,60~64歲,港澳地區,離婚
臺中市,結婚人數按性別、年齡、原屬國籍(地區)及婚前婚姻狀況分(按發生日期)-結婚人數(單位:人),女_60~64歲_港澳地區_喪偶,0,2018-01-01T00:00:00,女,60~64歲,港澳地區,喪偶
臺中市,結婚人數按性別、年齡、原屬國籍(地區)及婚前婚姻狀況分(按發生日期)-結婚人數(單位:人),女_65歲以上_港澳地區_未婚,0,2018-01-01T00:00:00,女,65歲以上,港澳地區,未婚
臺中市,結婚人數按性別、年齡、原屬國籍(地區)及婚前婚姻狀況分(按發生日期)-結婚人數(單位:人),女_65歲以上_港澳地區_離婚,0,2018-01-01T00:00:00,女,65歲以上,港澳地區,離婚
臺中市,結婚人數按性別、年齡、原屬國籍(地區)及婚前婚姻狀況分(按發生日期)-結婚人數(單位:人),女_65歲以上_港澳地區_喪偶,0,2018-01-01T00:00:00,女,65歲以上,港澳地區,喪偶
臺中市,結婚人數按性別、年齡、原屬國籍(地區)及婚前婚姻狀況分(按發生日期)-女生結婚年齡第一四分位數Q1(單位:歲),港澳地區_未婚,26.1,2018-01-01T00:00:00,,,港澳地區,未婚
臺中市,結婚人數按性別、年齡、原屬國籍(地區)及婚前婚姻狀況分(按發生日期)-女生結婚年齡第一四分位數Q1(單位:歲),港澳地區_離婚,32.5,2018-01-01T00:00:00,,,港澳地區,離婚
臺中市,結婚人數按性別、年齡、原屬國籍(地區)及婚前婚姻狀況分(按發生日期)-女生結婚年齡第一四分位數Q1(單位:歲),港澳地區_喪偶,51.3,2018-01-01T00:00:00,,,港澳地區,喪偶
臺中市,結婚人數按性別、年齡、原屬國籍(地區)及婚前婚姻狀況分(按發生日期)-女生結婚年齡中位數Q2(單位:歲),港澳地區_未婚,29.1,2018-01-01T00:00:00,,,港澳地區,未婚
臺中市,結婚人數按性別、年齡、原屬國籍(地區)及婚前婚姻狀況分(按發生日期)-女生結婚年齡中位數Q2(單位:歲),港澳地區_離婚,42.5,2018-01-01T00:00:00,,,港澳地區,離婚
臺中市,結婚人數按性別、年齡、原屬國籍(地區)及婚前婚姻狀況分(按發生日期)-女生結婚年齡中位數Q2(單位:歲),港澳地區_喪偶,52.5,2018-01-01T00:00:00,,,港澳地區,喪偶
臺中市,結婚人數按性別、年齡、原屬國籍(地區)及婚前婚姻狀況分(按發生日期)-女生結婚年齡第三四分位數Q3(單位:歲),港澳地區_未婚,33.4,2018-01-01T00:00:00,,,港澳地區,未婚
臺中市,結婚人數按性別、年齡、原屬國籍(地區)及婚前婚姻狀況分(按發生日期)-女生結婚年齡第三四分位數Q3(單位:歲),港澳地區_離婚,46.3,2018-01-01T00:00:00,,,港澳地區,離婚
臺中市,結婚人數按性別、年齡、原屬國籍(地區)及婚前婚姻狀況分(按發生日期)-女生結婚年齡第三四分位數Q3(單位:歲),港澳地區_喪偶,53.8,2018-01-01T00:00:00,,,港澳地區,喪偶
臺中市,結婚人數按性別、年齡、原屬國籍(地區)及婚前婚姻狀況分(按發生日期)-女生結婚年齡平均數(單位:歲),港澳地區_未婚,30.6,2018-01-01T00:00:00,,,港澳地區,未婚
臺中市,結婚人數按性別、年齡、原屬國籍(地區)及婚前婚姻狀況分(按發生日期)-女生結婚年齡平均數(單位:歲),港澳地區_離婚,40,2018-01-01T00:00:00,,,港澳地區,離婚
臺中市,結婚人數按性別、年齡、原屬國籍(地區)及婚前婚姻狀況分(按發生日期)-女生結婚年齡平均數(單位:歲),港澳地區_喪偶,52.5,2018-01-01T00:00:00,,,港澳地區,喪偶
臺中市,結婚人數按性別、年齡、原屬國籍(地區)及婚前婚姻狀況分(按發生日期)-男生結婚年齡第一四分位數Q1(單位:歲),港澳地區_婚姻狀況別,28.4,2018-01-01T00:00:00,,,港澳地區,婚姻狀況別
臺中市,結婚人數按性別、年齡、原屬國籍(地區)及婚前婚姻狀況分(按發生日期)-男生結婚年齡中位數Q2(單位:歲),港澳地區_婚姻狀況別,32.5,2018-01-01T00:00:00,,,港澳地區,婚姻狀況別
臺中市,結婚人數按性別、年齡、原屬國籍(地區)及婚前婚姻狀況分(按發生日期)-男生結婚年齡第三四分位數Q3(單位:歲),港澳地區_婚姻狀況別,38.6,2018-01-01T00:00:00,,,港澳地區,婚姻狀況別
臺中市,結婚人數按性別、年齡、原屬國籍(地區)及婚前婚姻狀況分(按發生日期)-男生結婚年齡平均數(單位:歲),港澳地區_婚姻狀況別,34.5,2018-01-01T00:00:00,,,港澳地區,婚姻狀況別
臺中市,結婚人數按性別、年齡、原屬國籍(地區)及婚前婚姻狀況分(按發生日期)-女生結婚年齡第一四分位數Q1(單位:歲),港澳地區_婚姻狀況別,26.3,2018-01-01T00:00:00,,,港澳地區,婚姻狀況別
臺中市,結婚人數按性別、年齡、原屬國籍(地區)及婚前婚姻狀況分(按發生日期)-女生結婚年齡中位數Q2(單位:歲),港澳地區_婚姻狀況別,29.5,2018-01-01T00:00:00,,,港澳地區,婚姻狀況別
臺中市,結婚人數按性別、年齡、原屬國籍(地區)及婚前婚姻狀況分(按發生日期)-女生結婚年齡平均數(單位:歲),港澳地區_婚姻狀況別,31.5,2018-01-01T00:00:00,,,港澳地區,婚姻狀況別
臺中市,結婚人數按性別、年齡、原屬國籍(地區)及婚前婚姻狀況分(按發生日期)-女生結婚年齡第三四分位數Q3(單位:歲),港澳地區_婚姻狀況別,34.1,2018-01-01T00:00:00,,,港澳地區,婚姻狀況別
臺中市,結婚人數按性別、年齡、原屬國籍(地區)及婚前婚姻狀況分(按發生日期)-結婚人數(單位:人),男_未滿15歲_東南亞地區_未婚,0,2018-01-01T00:00:00,男,未滿15歲,東南亞地區,未婚
臺中市,結婚人數按性別、年齡、原屬國籍(地區)及婚前婚姻狀況分(按發生日期)-結婚人數(單位:人),男_未滿15歲_東南亞地區_離婚,0,2018-01-01T00:00:00,男,未滿15歲,東南亞地區,離婚
臺中市,結婚人數按性別、年齡、原屬國籍(地區)及婚前婚姻狀況分(按發生日期)-結婚人數(單位:人),男_未滿15歲_東南亞地區_喪偶,0,2018-01-01T00:00:00,男,未滿15歲,東南亞地區,喪偶
臺中市,結婚人數按性別、年齡、原屬國籍(地區)及婚前婚姻狀況分(按發生日期)-結婚人數(單位:人),男_15~19歲_東南亞地區_未婚,0,2018-01-01T00:00:00,男,15~19歲,東南亞地區,未婚
臺中市,結婚人數按性別、年齡、原屬國籍(地區)及婚前婚姻狀況分(按發生日期)-結婚人數(單位:人),男_15~19歲_東南亞地區_離婚,0,2018-01-01T00:00:00,男,15~19歲,東南亞地區,離婚
臺中市,結婚人數按性別、年齡、原屬國籍(地區)及婚前婚姻狀況分(按發生日期)-結婚人數(單位:人),男_15~19歲_東南亞地區_喪偶,0,2018-01-01T00:00:00,男,15~19歲,東南亞地區,喪偶
臺中市,結婚人數按性別、年齡、原屬國籍(地區)及婚前婚姻狀況分(按發生日期)-結婚人數(單位:人),男_20~24歲_東南亞地區_未婚,15,2018-01-01T00:00:00,男,20~24歲,東南亞地區,未婚
臺中市,結婚人數按性別、年齡、原屬國籍(地區)及婚前婚姻狀況分(按發生日期)-結婚人數(單位:人),男_20~24歲_東南亞地區_離婚,0,2018-01-01T00:00:00,男,20~24歲,東南亞地區,離婚
臺中市,結婚人數按性別、年齡、原屬國籍(地區)及婚前婚姻狀況分(按發生日期)-結婚人數(單位:人),男_20~24歲_東南亞地區_喪偶,0,2018-01-01T00:00:00,男,20~24歲,東南亞地區,喪偶
臺中市,結婚人數按性別、年齡、原屬國籍(地區)及婚前婚姻狀況分(按發生日期)-結婚人數(單位:人),男_25~29歲_東南亞地區_未婚,45,2018-01-01T00:00:00,男,25~29歲,東南亞地區,未婚
臺中市,結婚人數按性別、年齡、原屬國籍(地區)及婚前婚姻狀況分(按發生日期)-結婚人數(單位:人),男_25~29歲_東南亞地區_離婚,2,2018-01-01T00:00:00,男,25~29歲,東南亞地區,離婚
臺中市,結婚人數按性別、年齡、原屬國籍(地區)及婚前婚姻狀況分(按發生日期)-結婚人數(單位:人),男_25~29歲_東南亞地區_喪偶,0,2018-01-01T00:00:00,男,25~29歲,東南亞地區,喪偶
臺中市,結婚人數按性別、年齡、原屬國籍(地區)及婚前婚姻狀況分(按發生日期)-結婚人數(單位:人),男_30~34歲_東南亞地區_未婚,43,2018-01-01T00:00:00,男,30~34歲,東南亞地區,未婚
臺中市,結婚人數按性別、年齡、原屬國籍(地區)及婚前婚姻狀況分(按發生日期)-結婚人數(單位:人),男_30~34歲_東南亞地區_離婚,0,2018-01-01T00:00:00,男,30~34歲,東南亞地區,離婚
臺中市,結婚人數按性別、年齡、原屬國籍(地區)及婚前婚姻狀況分(按發生日期)-結婚人數(單位:人),男_30~34歲_東南亞地區_喪偶,0,2018-01-01T00:00:00,男,30~34歲,東南亞地區,喪偶
臺中市,結婚人數按性別、年齡、原屬國籍(地區)及婚前婚姻狀況分(按發生日期)-結婚人數(單位:人),男_35~39歲_東南亞地區_未婚,18,2018-01-01T00:00:00,男,35~39歲,東南亞地區,未婚
臺中市,結婚人數按性別、年齡、原屬國籍(地區)及婚前婚姻狀況分(按發生日期)-結婚人數(單位:人),男_35~39歲_東南亞地區_離婚,1,2018-01-01T00:00:00,男,35~39歲,東南亞地區,離婚
臺中市,結婚人數按性別、年齡、原屬國籍(地區)及婚前婚姻狀況分(按發生日期)-結婚人數(單位:人),男_35~39歲_東南亞地區_喪偶,0,2018-01-01T00:00:00,男,35~39歲,東南亞地區,喪偶
臺中市,結婚人數按性別、年齡、原屬國籍(地區)及婚前婚姻狀況分(按發生日期)-結婚人數(單位:人),男_40~44歲_東南亞地區_未婚,6,2018-01-01T00:00:00,男,40~44歲,東南亞地區,未婚
臺中市,結婚人數按性別、年齡、原屬國籍(地區)及婚前婚姻狀況分(按發生日期)-結婚人數(單位:人),男_40~44歲_東南亞地區_離婚,2,2018-01-01T00:00:00,男,40~44歲,東南亞地區,離婚
臺中市,結婚人數按性別、年齡、原屬國籍(地區)及婚前婚姻狀況分(按發生日期)-結婚人數(單位:人),男_40~44歲_東南亞地區_喪偶,0,2018-01-01T00:00:00,男,40~44歲,東南亞地區,喪偶
臺中市,結婚人數按性別、年齡、原屬國籍(地區)及婚前婚姻狀況分(按發生日期)-結婚人數(單位:人),男_45~49歲_東南亞地區_未婚,3,2018-01-01T00:00:00,男,45~49歲,東南亞地區,未婚
臺中市,結婚人數按性別、年齡、原屬國籍(地區)及婚前婚姻狀況分(按發生日期)-結婚人數(單位:人),男_45~49歲_東南亞地區_離婚,0,2018-01-01T00:00:00,男,45~49歲,東南亞地區,離婚
臺中市,結婚人數按性別、年齡、原屬國籍(地區)及婚前婚姻狀況分(按發生日期)-結婚人數(單位:人),男_45~49歲_東南亞地區_喪偶,0,2018-01-01T00:00:00,男,45~49歲,東南亞地區,喪偶
臺中市,結婚人數按性別、年齡、原屬國籍(地區)及婚前婚姻狀況分(按發生日期)-結婚人數(單位:人),男_50~54歲_東南亞地區_未婚,2,2018-01-01T00:00:00,男,50~54歲,東南亞地區,未婚
臺中市,結婚人數按性別、年齡、原屬國籍(地區)及婚前婚姻狀況分(按發生日期)-結婚人數(單位:人),男_50~54歲_東南亞地區_離婚,1,2018-01-01T00:00:00,男,50~54歲,東南亞地區,離婚
臺中市,結婚人數按性別、年齡、原屬國籍(地區)及婚前婚姻狀況分(按發生日期)-結婚人數(單位:人),男_50~54歲_東南亞地區_喪偶,0,2018-01-01T00:00:00,男,50~54歲,東南亞地區,喪偶
臺中市,結婚人數按性別、年齡、原屬國籍(地區)及婚前婚姻狀況分(按發生日期)-結婚人數(單位:人),男_55~59歲_東南亞地區_未婚,0,2018-01-01T00:00:00,男,55~59歲,東南亞地區,未婚
臺中市,結婚人數按性別、年齡、原屬國籍(地區)及婚前婚姻狀況分(按發生日期)-結婚人數(單位:人),男_55~59歲_東南亞地區_離婚,1,2018-01-01T00:00:00,男,55~59歲,東南亞地區,離婚
臺中市,結婚人數按性別、年齡、原屬國籍(地區)及婚前婚姻狀況分(按發生日期)-結婚人數(單位:人),男_55~59歲_東南亞地區_喪偶,0,2018-01-01T00:00:00,男,55~59歲,東南亞地區,喪偶
臺中市,結婚人數按性別、年齡、原屬國籍(地區)及婚前婚姻狀況分(按發生日期)-結婚人數(單位:人),男_60~64歲_東南亞地區_未婚,0,2018-01-01T00:00:00,男,60~64歲,東南亞地區,未婚
臺中市,結婚人數按性別、年齡、原屬國籍(地區)及婚前婚姻狀況分(按發生日期)-結婚人數(單位:人),男_60~64歲_東南亞地區_離婚,0,2018-01-01T00:00:00,男,60~64歲,東南亞地區,離婚
臺中市,結婚人數按性別、年齡、原屬國籍(地區)及婚前婚姻狀況分(按發生日期)-結婚人數(單位:人),男_60~64歲_東南亞地區_喪偶,0,2018-01-01T00:00:00,男,60~64歲,東南亞地區,喪偶
臺中市,結婚人數按性別、年齡、原屬國籍(地區)及婚前婚姻狀況分(按發生日期)-結婚人數(單位:人),男_65歲以上_東南亞地區_未婚,0,2018-01-01T00:00:00,男,65歲以上,東南亞地區,未婚
臺中市,結婚人數按性別、年齡、原屬國籍(地區)及婚前婚姻狀況分(按發生日期)-結婚人數(單位:人),男_65歲以上_東南亞地區_離婚,0,2018-01-01T00:00:00,男,65歲以上,東南亞地區,離婚
臺中市,結婚人數按性別、年齡、原屬國籍(地區)及婚前婚姻狀況分(按發生日期)-結婚人數(單位:人),男_65歲以上_東南亞地區_喪偶,0,2018-01-01T00:00:00,男,65歲以上,東南亞地區,喪偶
臺中市,結婚人數按性別、年齡、原屬國籍(地區)及婚前婚姻狀況分(按發生日期)-男生結婚年齡第一四分位數Q1(單位:歲),東南亞地區_未婚,27,2018-01-01T00:00:00,,,東南亞地區,未婚
臺中市,結婚人數按性別、年齡、原屬國籍(地區)及婚前婚姻狀況分(按發生日期)-男生結婚年齡第一四分位數Q1(單位:歲),東南亞地區_離婚,29.4,2018-01-01T00:00:00,,,東南亞地區,離婚
臺中市,結婚人數按性別、年齡、原屬國籍(地區)及婚前婚姻狀況分(按發生日期)-男生結婚年齡第一四分位數Q1(單位:歲),東南亞地區_喪偶,0,2018-01-01T00:00:00,,,東南亞地區,喪偶
臺中市,結婚人數按性別、年齡、原屬國籍(地區)及婚前婚姻狀況分(按發生日期)-男生結婚年齡中位數Q2(單位:歲),東南亞地區_未婚,30.7,2018-01-01T00:00:00,,,東南亞地區,未婚
臺中市,結婚人數按性別、年齡、原屬國籍(地區)及婚前婚姻狀況分(按發生日期)-男生結婚年齡中位數Q2(單位:歲),東南亞地區_離婚,41.3,2018-01-01T00:00:00,,,東南亞地區,離婚
臺中市,結婚人數按性別、年齡、原屬國籍(地區)及婚前婚姻狀況分(按發生日期)-男生結婚年齡中位數Q2(單位:歲),東南亞地區_喪偶,0,2018-01-01T00:00:00,,,東南亞地區,喪偶
臺中市,結婚人數按性別、年齡、原屬國籍(地區)及婚前婚姻狀況分(按發生日期)-男生結婚年齡第三四分位數Q3(單位:歲),東南亞地區_未婚,34.5,2018-01-01T00:00:00,,,東南亞地區,未婚
臺中市,結婚人數按性別、年齡、原屬國籍(地區)及婚前婚姻狀況分(按發生日期)-男生結婚年齡第三四分位數Q3(單位:歲),東南亞地區_離婚,51.3,2018-01-01T00:00:00,,,東南亞地區,離婚
臺中市,結婚人數按性別、年齡、原屬國籍(地區)及婚前婚姻狀況分(按發生日期)-男生結婚年齡第三四分位數Q3(單位:歲),東南亞地區_喪偶,0,2018-01-01T00:00:00,,,東南亞地區,喪偶
臺中市,結婚人數按性別、年齡、原屬國籍(地區)及婚前婚姻狀況分(按發生日期)-男生結婚年齡平均數(單位:歲),東南亞地區_未婚,31.4,2018-01-01T00:00:00,,,東南亞地區,未婚
臺中市,結婚人數按性別、年齡、原屬國籍(地區)及婚前婚姻狀況分(按發生日期)-男生結婚年齡平均數(單位:歲),東南亞地區_離婚,41.1,2018-01-01T00:00:00,,,東南亞地區,離婚
臺中市,結婚人數按性別、年齡、原屬國籍(地區)及婚前婚姻狀況分(按發生日期)-結婚人數(單位:人),女_未滿15歲_東南亞地區_未婚,0,2018-01-01T00:00:00,女,未滿15歲,東南亞地區,未婚
臺中市,結婚人數按性別、年齡、原屬國籍(地區)及婚前婚姻狀況分(按發生日期)-男生結婚年齡平均數(單位:歲),東南亞地區_喪偶,0,2018-01-01T00:00:00,,,東南亞地區,喪偶
臺中市,結婚人數按性別、年齡、原屬國籍(地區)及婚前婚姻狀況分(按發生日期)-結婚人數(單位:人),女_未滿15歲_東南亞地區_離婚,0,2018-01-01T00:00:00,女,未滿15歲,東南亞地區,離婚
臺中市,結婚人數按性別、年齡、原屬國籍(地區)及婚前婚姻狀況分(按發生日期)-結婚人數(單位:人),女_未滿15歲_東南亞地區_喪偶,0,2018-01-01T00:00:00,女,未滿15歲,東南亞地區,喪偶
臺中市,結婚人數按性別、年齡、原屬國籍(地區)及婚前婚姻狀況分(按發生日期)-結婚人數(單位:人),女_15~19歲_東南亞地區_未婚,97,2018-01-01T00:00:00,女,15~19歲,東南亞地區,未婚
臺中市,結婚人數按性別、年齡、原屬國籍(地區)及婚前婚姻狀況分(按發生日期)-結婚人數(單位:人),女_15~19歲_東南亞地區_離婚,0,2018-01-01T00:00:00,女,15~19歲,東南亞地區,離婚
臺中市,結婚人數按性別、年齡、原屬國籍(地區)及婚前婚姻狀況分(按發生日期)-結婚人數(單位:人),女_15~19歲_東南亞地區_喪偶,0,2018-01-01T00:00:00,女,15~19歲,東南亞地區,喪偶
臺中市,結婚人數按性別、年齡、原屬國籍(地區)及婚前婚姻狀況分(按發生日期)-結婚人數(單位:人),女_20~24歲_東南亞地區_未婚,195,2018-01-01T00:00:00,女,20~24歲,東南亞地區,未婚
臺中市,結婚人數按性別、年齡、原屬國籍(地區)及婚前婚姻狀況分(按發生日期)-結婚人數(單位:人),女_20~24歲_東南亞地區_離婚,4,2018-01-01T00:00:00,女,20~24歲,東南亞地區,離婚
臺中市,結婚人數按性別、年齡、原屬國籍(地區)及婚前婚姻狀況分(按發生日期)-結婚人數(單位:人),女_20~24歲_東南亞地區_喪偶,0,2018-01-01T00:00:00,女,20~24歲,東南亞地區,喪偶
臺中市,結婚人數按性別、年齡、原屬國籍(地區)及婚前婚姻狀況分(按發生日期)-結婚人數(單位:人),女_25~29歲_東南亞地區_未婚,195,2018-01-01T00:00:00,女,25~29歲,東南亞地區,未婚
臺中市,結婚人數按性別、年齡、原屬國籍(地區)及婚前婚姻狀況分(按發生日期)-結婚人數(單位:人),女_25~29歲_東南亞地區_離婚,12,2018-01-01T00:00:00,女,25~29歲,東南亞地區,離婚
臺中市,結婚人數按性別、年齡、原屬國籍(地區)及婚前婚姻狀況分(按發生日期)-結婚人數(單位:人),女_25~29歲_東南亞地區_喪偶,0,2018-01-01T00:00:00,女,25~29歲,東南亞地區,喪偶
臺中市,結婚人數按性別、年齡、原屬國籍(地區)及婚前婚姻狀況分(按發生日期)-結婚人數(單位:人),女_30~34歲_東南亞地區_未婚,102,2018-01-01T00:00:00,女,30~34歲,東南亞地區,未婚
臺中市,結婚人數按性別、年齡、原屬國籍(地區)及婚前婚姻狀況分(按發生日期)-結婚人數(單位:人),女_30~34歲_東南亞地區_離婚,65,2018-01-01T00:00:00,女,30~34歲,東南亞地區,離婚
臺中市,結婚人數按性別、年齡、原屬國籍(地區)及婚前婚姻狀況分(按發生日期)-結婚人數(單位:人),女_30~34歲_東南亞地區_喪偶,7,2018-01-01T00:00:00,女,30~34歲,東南亞地區,喪偶
臺中市,結婚人數按性別、年齡、原屬國籍(地區)及婚前婚姻狀況分(按發生日期)-結婚人數(單位:人),女_35~39歲_東南亞地區_未婚,43,2018-01-01T00:00:00,女,35~39歲,東南亞地區,未婚
臺中市,結婚人數按性別、年齡、原屬國籍(地區)及婚前婚姻狀況分(按發生日期)-結婚人數(單位:人),女_35~39歲_東南亞地區_離婚,67,2018-01-01T00:00:00,女,35~39歲,東南亞地區,離婚
臺中市,結婚人數按性別、年齡、原屬國籍(地區)及婚前婚姻狀況分(按發生日期)-結婚人數(單位:人),女_35~39歲_東南亞地區_喪偶,9,2018-01-01T00:00:00,女,35~39歲,東南亞地區,喪偶
臺中市,結婚人數按性別、年齡、原屬國籍(地區)及婚前婚姻狀況分(按發生日期)-結婚人數(單位:人),女_40~44歲_東南亞地區_未婚,21,2018-01-01T00:00:00,女,40~44歲,東南亞地區,未婚
臺中市,結婚人數按性別、年齡、原屬國籍(地區)及婚前婚姻狀況分(按發生日期)-結婚人數(單位:人),女_40~44歲_東南亞地區_離婚,20,2018-01-01T00:00:00,女,40~44歲,東南亞地區,離婚
臺中市,結婚人數按性別、年齡、原屬國籍(地區)及婚前婚姻狀況分(按發生日期)-結婚人數(單位:人),女_40~44歲_東南亞地區_喪偶,2,2018-01-01T00:00:00,女,40~44歲,東南亞地區,喪偶
臺中市,結婚人數按性別、年齡、原屬國籍(地區)及婚前婚姻狀況分(按發生日期)-結婚人數(單位:人),女_45~49歲_東南亞地區_未婚,15,2018-01-01T00:00:00,女,45~49歲,東南亞地區,未婚
臺中市,結婚人數按性別、年齡、原屬國籍(地區)及婚前婚姻狀況分(按發生日期)-結婚人數(單位:人),女_45~49歲_東南亞地區_離婚,3,2018-01-01T00:00:00,女,45~49歲,東南亞地區,離婚
臺中市,結婚人數按性別、年齡、原屬國籍(地區)及婚前婚姻狀況分(按發生日期)-結婚人數(單位:人),女_45~49歲_東南亞地區_喪偶,3,2018-01-01T00:00:00,女,45~49歲,東南亞地區,喪偶
臺中市,結婚人數按性別、年齡、原屬國籍(地區)及婚前婚姻狀況分(按發生日期)-結婚人數(單位:人),女_50~54歲_東南亞地區_未婚,3,2018-01-01T00:00:00,女,50~54歲,東南亞地區,未婚
臺中市,結婚人數按性別、年齡、原屬國籍(地區)及婚前婚姻狀況分(按發生日期)-結婚人數(單位:人),女_50~54歲_東南亞地區_離婚,4,2018-01-01T00:00:00,女,50~54歲,東南亞地區,離婚
臺中市,結婚人數按性別、年齡、原屬國籍(地區)及婚前婚姻狀況分(按發生日期)-結婚人數(單位:人),女_50~54歲_東南亞地區_喪偶,0,2018-01-01T00:00:00,女,50~54歲,東南亞地區,喪偶
臺中市,結婚人數按性別、年齡、原屬國籍(地區)及婚前婚姻狀況分(按發生日期)-結婚人數(單位:人),女_55~59歲_東南亞地區_未婚,1,2018-01-01T00:00:00,女,55~59歲,東南亞地區,未婚
臺中市,結婚人數按性別、年齡、原屬國籍(地區)及婚前婚姻狀況分(按發生日期)-結婚人數(單位:人),女_55~59歲_東南亞地區_離婚,1,2018-01-01T00:00:00,女,55~59歲,東南亞地區,離婚
臺中市,結婚人數按性別、年齡、原屬國籍(地區)及婚前婚姻狀況分(按發生日期)-結婚人數(單位:人),女_55~59歲_東南亞地區_喪偶,1,2018-01-01T00:00:00,女,55~59歲,東南亞地區,喪偶
臺中市,結婚人數按性別、年齡、原屬國籍(地區)及婚前婚姻狀況分(按發生日期)-結婚人數(單位:人),女_60~64歲_東南亞地區_未婚,0,2018-01-01T00:00:00,女,60~64歲,東南亞地區,未婚
臺中市,結婚人數按性別、年齡、原屬國籍(地區)及婚前婚姻狀況分(按發生日期)-結婚人數(單位:人),女_60~64歲_東南亞地區_離婚,0,2018-01-01T00:00:00,女,60~64歲,東南亞地區,離婚
臺中市,結婚人數按性別、年齡、原屬國籍(地區)及婚前婚姻狀況分(按發生日期)-結婚人數(單位:人),女_60~64歲_東南亞地區_喪偶,1,2018-01-01T00:00:00,女,60~64歲,東南亞地區,喪偶
臺中市,結婚人數按性別、年齡、原屬國籍(地區)及婚前婚姻狀況分(按發生日期)-結婚人數(單位:人),女_65歲以上_東南亞地區_未婚,0,2018-01-01T00:00:00,女,65歲以上,東南亞地區,未婚
臺中市,結婚人數按性別、年齡、原屬國籍(地區)及婚前婚姻狀況分(按發生日期)-結婚人數(單位:人),女_65歲以上_東南亞地區_離婚,1,2018-01-01T00:00:00,女,65歲以上,東南亞地區,離婚
臺中市,結婚人數按性別、年齡、原屬國籍(地區)及婚前婚姻狀況分(按發生日期)-結婚人數(單位:人),女_65歲以上_東南亞地區_喪偶,0,2018-01-01T00:00:00,女,65歲以上,東南亞地區,喪偶
臺中市,結婚人數按性別、年齡、原屬國籍(地區)及婚前婚姻狀況分(按發生日期)-女生結婚年齡第一四分位數Q1(單位:歲),東南亞地區_未婚,21.8,2018-01-01T00:00:00,,,東南亞地區,未婚
臺中市,結婚人數按性別、年齡、原屬國籍(地區)及婚前婚姻狀況分(按發生日期)-女生結婚年齡第一四分位數Q1(單位:歲),東南亞地區_離婚,32.2,2018-01-01T00:00:00,,,東南亞地區,離婚
臺中市,結婚人數按性別、年齡、原屬國籍(地區)及婚前婚姻狀況分(按發生日期)-女生結婚年齡第一四分位數Q1(單位:歲),東南亞地區_喪偶,34.1,2018-01-01T00:00:00,,,東南亞地區,喪偶
臺中市,結婚人數按性別、年齡、原屬國籍(地區)及婚前婚姻狀況分(按發生日期)-女生結婚年齡中位數Q2(單位:歲),東南亞地區_未婚,26.1,2018-01-01T00:00:00,,,東南亞地區,未婚
臺中市,結婚人數按性別、年齡、原屬國籍(地區)及婚前婚姻狀況分(按發生日期)-女生結婚年齡中位數Q2(單位:歲),東南亞地區_離婚,35.6,2018-01-01T00:00:00,,,東南亞地區,離婚
臺中市,結婚人數按性別、年齡、原屬國籍(地區)及婚前婚姻狀況分(按發生日期)-女生結婚年齡中位數Q2(單位:歲),東南亞地區_喪偶,37.5,2018-01-01T00:00:00,,,東南亞地區,喪偶
臺中市,結婚人數按性別、年齡、原屬國籍(地區)及婚前婚姻狀況分(按發生日期)-女生結婚年齡第三四分位數Q3(單位:歲),東南亞地區_未婚,30.8,2018-01-01T00:00:00,,,東南亞地區,未婚
臺中市,結婚人數按性別、年齡、原屬國籍(地區)及婚前婚姻狀況分(按發生日期)-女生結婚年齡第三四分位數Q3(單位:歲),東南亞地區_離婚,38.9,2018-01-01T00:00:00,,,東南亞地區,離婚
臺中市,結婚人數按性別、年齡、原屬國籍(地區)及婚前婚姻狀況分(按發生日期)-女生結婚年齡平均數(單位:歲),東南亞地區_未婚,27.1,2018-01-01T00:00:00,,,東南亞地區,未婚
臺中市,結婚人數按性別、年齡、原屬國籍(地區)及婚前婚姻狀況分(按發生日期)-女生結婚年齡第三四分位數Q3(單位:歲),東南亞地區_喪偶,43.1,2018-01-01T00:00:00,,,東南亞地區,喪偶
臺中市,結婚人數按性別、年齡、原屬國籍(地區)及婚前婚姻狀況分(按發生日期)-女生結婚年齡平均數(單位:歲),東南亞地區_離婚,36,2018-01-01T00:00:00,,,東南亞地區,離婚
臺中市,結婚人數按性別、年齡、原屬國籍(地區)及婚前婚姻狀況分(按發生日期)-女生結婚年齡平均數(單位:歲),東南亞地區_喪偶,39.7,2018-01-01T00:00:00,,,東南亞地區,喪偶
臺中市,結婚人數按性別、年齡、原屬國籍(地區)及婚前婚姻狀況分(按發生日期)-男生結婚年齡第一四分位數Q1(單位:歲),東南亞地區_婚姻狀況別,27.1,2018-01-01T00:00:00,,,東南亞地區,婚姻狀況別
臺中市,結婚人數按性別、年齡、原屬國籍(地區)及婚前婚姻狀況分(按發生日期)-男生結婚年齡中位數Q2(單位:歲),東南亞地區_婚姻狀況別,30.9,2018-01-01T00:00:00,,,東南亞地區,婚姻狀況別
臺中市,結婚人數按性別、年齡、原屬國籍(地區)及婚前婚姻狀況分(按發生日期)-男生結婚年齡第三四分位數Q3(單位:歲),東南亞地區_婚姻狀況別,34.9,2018-01-01T00:00:00,,,東南亞地區,婚姻狀況別
臺中市,結婚人數按性別、年齡、原屬國籍(地區)及婚前婚姻狀況分(按發生日期)-男生結婚年齡平均數(單位:歲),東南亞地區_婚姻狀況別,31.9,2018-01-01T00:00:00,,,東南亞地區,婚姻狀況別
臺中市,結婚人數按性別、年齡、原屬國籍(地區)及婚前婚姻狀況分(按發生日期)-女生結婚年齡第一四分位數Q1(單位:歲),東南亞地區_婚姻狀況別,23,2018-01-01T00:00:00,,,東南亞地區,婚姻狀況別
臺中市,結婚人數按性別、年齡、原屬國籍(地區)及婚前婚姻狀況分(按發生日期)-女生結婚年齡中位數Q2(單位:歲),東南亞地區_婚姻狀況別,28.4,2018-01-01T00:00:00,,,東南亞地區,婚姻狀況別
臺中市,結婚人數按性別、年齡、原屬國籍(地區)及婚前婚姻狀況分(按發生日期)-女生結婚年齡第三四分位數Q3(單位:歲),東南亞地區_婚姻狀況別,34.3,2018-01-01T00:00:00,,,東南亞地區,婚姻狀況別
臺中市,結婚人數按性別、年齡、原屬國籍(地區)及婚前婚姻狀況分(按發生日期)-女生結婚年齡平均數(單位:歲),東南亞地區_婚姻狀況別,29.2,2018-01-01T00:00:00,,,東南亞地區,婚姻狀況別
臺中市,結婚人數按性別、年齡、原屬國籍(地區)及婚前婚姻狀況分(按發生日期)-結婚人數(單位:人),男_未滿15歲_其他地區_未婚,0,2018-01-01T00:00:00,男,未滿15歲,其他地區,未婚
臺中市,結婚人數按性別、年齡、原屬國籍(地區)及婚前婚姻狀況分(按發生日期)-結婚人數(單位:人),男_未滿15歲_其他地區_離婚,0,2018-01-01T00:00:00,男,未滿15歲,其他地區,離婚
臺中市,結婚人數按性別、年齡、原屬國籍(地區)及婚前婚姻狀況分(按發生日期)-結婚人數(單位:人),男_未滿15歲_其他地區_喪偶,0,2018-01-01T00:00:00,男,未滿15歲,其他地區,喪偶
臺中市,結婚人數按性別、年齡、原屬國籍(地區)及婚前婚姻狀況分(按發生日期)-結婚人數(單位:人),男_15~19歲_其他地區_未婚,1,2018-01-01T00:00:00,男,15~19歲,其他地區,未婚
臺中市,結婚人數按性別、年齡、原屬國籍(地區)及婚前婚姻狀況分(按發生日期)-結婚人數(單位:人),男_15~19歲_其他地區_離婚,0,2018-01-01T00:00:00,男,15~19歲,其他地區,離婚
臺中市,結婚人數按性別、年齡、原屬國籍(地區)及婚前婚姻狀況分(按發生日期)-結婚人數(單位:人),男_15~19歲_其他地區_喪偶,0,2018-01-01T00:00:00,男,15~19歲,其他地區,喪偶
臺中市,結婚人數按性別、年齡、原屬國籍(地區)及婚前婚姻狀況分(按發生日期)-結婚人數(單位:人),男_20~24歲_其他地區_未婚,28,2018-01-01T00:00:00,男,20~24歲,其他地區,未婚
臺中市,結婚人數按性別、年齡、原屬國籍(地區)及婚前婚姻狀況分(按發生日期)-結婚人數(單位:人),男_20~24歲_其他地區_離婚,0,2018-01-01T00:00:00,男,20~24歲,其他地區,離婚
臺中市,結婚人數按性別、年齡、原屬國籍(地區)及婚前婚姻狀況分(按發生日期)-結婚人數(單位:人),男_20~24歲_其他地區_喪偶,0,2018-01-01T00:00:00,男,20~24歲,其他地區,喪偶
臺中市,結婚人數按性別、年齡、原屬國籍(地區)及婚前婚姻狀況分(按發生日期)-結婚人數(單位:人),男_25~29歲_其他地區_未婚,72,2018-01-01T00:00:00,男,25~29歲,其他地區,未婚
臺中市,結婚人數按性別、年齡、原屬國籍(地區)及婚前婚姻狀況分(按發生日期)-結婚人數(單位:人),男_25~29歲_其他地區_離婚,3,2018-01-01T00:00:00,男,25~29歲,其他地區,離婚
臺中市,結婚人數按性別、年齡、原屬國籍(地區)及婚前婚姻狀況分(按發生日期)-結婚人數(單位:人),男_25~29歲_其他地區_喪偶,0,2018-01-01T00:00:00,男,25~29歲,其他地區,喪偶
臺中市,結婚人數按性別、年齡、原屬國籍(地區)及婚前婚姻狀況分(按發生日期)-結婚人數(單位:人),男_30~34歲_其他地區_未婚,94,2018-01-01T00:00:00,男,30~34歲,其他地區,未婚
臺中市,結婚人數按性別、年齡、原屬國籍(地區)及婚前婚姻狀況分(按發生日期)-結婚人數(單位:人),男_30~34歲_其他地區_離婚,3,2018-01-01T00:00:00,男,30~34歲,其他地區,離婚
臺中市,結婚人數按性別、年齡、原屬國籍(地區)及婚前婚姻狀況分(按發生日期)-結婚人數(單位:人),男_30~34歲_其他地區_喪偶,0,2018-01-01T00:00:00,男,30~34歲,其他地區,喪偶
臺中市,結婚人數按性別、年齡、原屬國籍(地區)及婚前婚姻狀況分(按發生日期)-結婚人數(單位:人),男_35~39歲_其他地區_未婚,57,2018-01-01T00:00:00,男,35~39歲,其他地區,未婚
臺中市,結婚人數按性別、年齡、原屬國籍(地區)及婚前婚姻狀況分(按發生日期)-結婚人數(單位:人),男_35~39歲_其他地區_離婚,2,2018-01-01T00:00:00,男,35~39歲,其他地區,離婚
臺中市,結婚人數按性別、年齡、原屬國籍(地區)及婚前婚姻狀況分(按發生日期)-結婚人數(單位:人),男_35~39歲_其他地區_喪偶,0,2018-01-01T00:00:00,男,35~39歲,其他地區,喪偶
臺中市,結婚人數按性別、年齡、原屬國籍(地區)及婚前婚姻狀況分(按發生日期)-結婚人數(單位:人),男_40~44歲_其他地區_未婚,29,2018-01-01T00:00:00,男,40~44歲,其他地區,未婚
臺中市,結婚人數按性別、年齡、原屬國籍(地區)及婚前婚姻狀況分(按發生日期)-結婚人數(單位:人),男_40~44歲_其他地區_離婚,2,2018-01-01T00:00:00,男,40~44歲,其他地區,離婚
臺中市,結婚人數按性別、年齡、原屬國籍(地區)及婚前婚姻狀況分(按發生日期)-結婚人數(單位:人),男_40~44歲_其他地區_喪偶,0,2018-01-01T00:00:00,男,40~44歲,其他地區,喪偶
臺中市,結婚人數按性別、年齡、原屬國籍(地區)及婚前婚姻狀況分(按發生日期)-結婚人數(單位:人),男_45~49歲_其他地區_未婚,13,2018-01-01T00:00:00,男,45~49歲,其他地區,未婚
臺中市,結婚人數按性別、年齡、原屬國籍(地區)及婚前婚姻狀況分(按發生日期)-結婚人數(單位:人),男_45~49歲_其他地區_離婚,2,2018-01-01T00:00:00,男,45~49歲,其他地區,離婚
臺中市,結婚人數按性別、年齡、原屬國籍(地區)及婚前婚姻狀況分(按發生日期)-結婚人數(單位:人),男_60~64歲_其他地區_未婚,3,2018-01-01T00:00:00,男,60~64歲,其他地區,未婚
臺中市,結婚人數按性別、年齡、原屬國籍(地區)及婚前婚姻狀況分(按發生日期)-結婚人數(單位:人),男_60~64歲_其他地區_離婚,0,2018-01-01T00:00:00,男,60~64歲,其他地區,離婚
臺中市,結婚人數按性別、年齡、原屬國籍(地區)及婚前婚姻狀況分(按發生日期)-結婚人數(單位:人),男_60~64歲_其他地區_喪偶,0,2018-01-01T00:00:00,男,60~64歲,其他地區,喪偶
臺中市,結婚人數按性別、年齡、原屬國籍(地區)及婚前婚姻狀況分(按發生日期)-結婚人數(單位:人),男_65歲以上_其他地區_未婚,3,2018-01-01T00:00:00,男,65歲以上,其他地區,未婚
臺中市,結婚人數按性別、年齡、原屬國籍(地區)及婚前婚姻狀況分(按發生日期)-結婚人數(單位:人),男_65歲以上_其他地區_離婚,4,2018-01-01T00:00:00,男,65歲以上,其他地區,離婚
臺中市,結婚人數按性別、年齡、原屬國籍(地區)及婚前婚姻狀況分(按發生日期)-結婚人數(單位:人),男_65歲以上_其他地區_喪偶,0,2018-01-01T00:00:00,男,65歲以上,其他地區,喪偶
臺中市,結婚人數按性別、年齡、原屬國籍(地區)及婚前婚姻狀況分(按發生日期)-男生結婚年齡第一四分位數Q1(單位:歲),其他地區_未婚,28.5,2018-01-01T00:00:00,,,其他地區,未婚
臺中市,結婚人數按性別、年齡、原屬國籍(地區)及婚前婚姻狀況分(按發生日期)-男生結婚年齡第一四分位數Q1(單位:歲),其他地區_離婚,32.5,2018-01-01T00:00:00,,,其他地區,離婚
臺中市,結婚人數按性別、年齡、原屬國籍(地區)及婚前婚姻狀況分(按發生日期)-男生結婚年齡第一四分位數Q1(單位:歲),其他地區_喪偶,0,2018-01-01T00:00:00,,,其他地區,喪偶
臺中市,結婚人數按性別、年齡、原屬國籍(地區)及婚前婚姻狀況分(按發生日期)-男生結婚年齡中位數Q2(單位:歲),其他地區_未婚,33,2018-01-01T00:00:00,,,其他地區,未婚
臺中市,結婚人數按性別、年齡、原屬國籍(地區)及婚前婚姻狀況分(按發生日期)-男生結婚年齡中位數Q2(單位:歲),其他地區_離婚,42.5,2018-01-01T00:00:00,,,其他地區,離婚
臺中市,結婚人數按性別、年齡、原屬國籍(地區)及婚前婚姻狀況分(按發生日期)-男生結婚年齡中位數Q2(單位:歲),其他地區_喪偶,0,2018-01-01T00:00:00,,,其他地區,喪偶
臺中市,結婚人數按性別、年齡、原屬國籍(地區)及婚前婚姻狀況分(按發生日期)-男生結婚年齡第三四分位數Q3(單位:歲),其他地區_未婚,38.7,2018-01-01T00:00:00,,,其他地區,未婚
臺中市,結婚人數按性別、年齡、原屬國籍(地區)及婚前婚姻狀況分(按發生日期)-男生結婚年齡第三四分位數Q3(單位:歲),其他地區_離婚,58.8,2018-01-01T00:00:00,,,其他地區,離婚
臺中市,結婚人數按性別、年齡、原屬國籍(地區)及婚前婚姻狀況分(按發生日期)-男生結婚年齡第三四分位數Q3(單位:歲),其他地區_喪偶,0,2018-01-01T00:00:00,,,其他地區,喪偶
臺中市,結婚人數按性別、年齡、原屬國籍(地區)及婚前婚姻狀況分(按發生日期)-男生結婚年齡平均數(單位:歲),其他地區_未婚,34.6,2018-01-01T00:00:00,,,其他地區,未婚
臺中市,結婚人數按性別、年齡、原屬國籍(地區)及婚前婚姻狀況分(按發生日期)-男生結婚年齡平均數(單位:歲),其他地區_離婚,45.6,2018-01-01T00:00:00,,,其他地區,離婚
臺中市,結婚人數按性別、年齡、原屬國籍(地區)及婚前婚姻狀況分(按發生日期)-男生結婚年齡平均數(單位:歲),其他地區_喪偶,0,2018-01-01T00:00:00,,,其他地區,喪偶
臺中市,結婚人數按性別、年齡、原屬國籍(地區)及婚前婚姻狀況分(按發生日期)-結婚人數(單位:人),女_未滿15歲_其他地區_未婚,0,2018-01-01T00:00:00,女,未滿15歲,其他地區,未婚
臺中市,結婚人數按性別、年齡、原屬國籍(地區)及婚前婚姻狀況分(按發生日期)-結婚人數(單位:人),女_未滿15歲_其他地區_離婚,0,2018-01-01T00:00:00,女,未滿15歲,其他地區,離婚
臺中市,結婚人數按性別、年齡、原屬國籍(地區)及婚前婚姻狀況分(按發生日期)-結婚人數(單位:人),女_20~24歲_其他地區_離婚,0,2018-01-01T00:00:00,女,20~24歲,其他地區,離婚
臺中市,結婚人數按性別、年齡、原屬國籍(地區)及婚前婚姻狀況分(按發生日期)-結婚人數(單位:人),女_20~24歲_其他地區_喪偶,0,2018-01-01T00:00:00,女,20~24歲,其他地區,喪偶
臺中市,結婚人數按性別、年齡、原屬國籍(地區)及婚前婚姻狀況分(按發生日期)-結婚人數(單位:人),女_25~29歲_其他地區_未婚,34,2018-01-01T00:00:00,女,25~29歲,其他地區,未婚
臺中市,結婚人數按性別、年齡、原屬國籍(地區)及婚前婚姻狀況分(按發生日期)-結婚人數(單位:人),女_25~29歲_其他地區_離婚,0,2018-01-01T00:00:00,女,25~29歲,其他地區,離婚
臺中市,結婚人數按性別、年齡、原屬國籍(地區)及婚前婚姻狀況分(按發生日期)-結婚人數(單位:人),女_25~29歲_其他地區_喪偶,0,2018-01-01T00:00:00,女,25~29歲,其他地區,喪偶
臺中市,結婚人數按性別、年齡、原屬國籍(地區)及婚前婚姻狀況分(按發生日期)-結婚人數(單位:人),女_30~34歲_其他地區_未婚,23,2018-01-01T00:00:00,女,30~34歲,其他地區,未婚
臺中市,結婚人數按性別、年齡、原屬國籍(地區)及婚前婚姻狀況分(按發生日期)-結婚人數(單位:人),女_30~34歲_其他地區_離婚,1,2018-01-01T00:00:00,女,30~34歲,其他地區,離婚
臺中市,結婚人數按性別、年齡、原屬國籍(地區)及婚前婚姻狀況分(按發生日期)-結婚人數(單位:人),女_30~34歲_其他地區_喪偶,0,2018-01-01T00:00:00,女,30~34歲,其他地區,喪偶
臺中市,結婚人數按性別、年齡、原屬國籍(地區)及婚前婚姻狀況分(按發生日期)-結婚人數(單位:人),女_35~39歲_其他地區_未婚,10,2018-01-01T00:00:00,女,35~39歲,其他地區,未婚
臺中市,結婚人數按性別、年齡、原屬國籍(地區)及婚前婚姻狀況分(按發生日期)-結婚人數(單位:人),女_35~39歲_其他地區_離婚,1,2018-01-01T00:00:00,女,35~39歲,其他地區,離婚
臺中市,結婚人數按性別、年齡、原屬國籍(地區)及婚前婚姻狀況分(按發生日期)-結婚人數(單位:人),女_40~44歲_其他地區_喪偶,0,2018-01-01T00:00:00,女,40~44歲,其他地區,喪偶
臺中市,結婚人數按性別、年齡、原屬國籍(地區)及婚前婚姻狀況分(按發生日期)-結婚人數(單位:人),女_45~49歲_其他地區_未婚,0,2018-01-01T00:00:00,女,45~49歲,其他地區,未婚
臺中市,結婚人數按性別、年齡、原屬國籍(地區)及婚前婚姻狀況分(按發生日期)-結婚人數(單位:人),女_45~49歲_其他地區_離婚,1,2018-01-01T00:00:00,女,45~49歲,其他地區,離婚
臺中市,結婚人數按性別、年齡、原屬國籍(地區)及婚前婚姻狀況分(按發生日期)-結婚人數(單位:人),女_45~49歲_其他地區_喪偶,0,2018-01-01T00:00:00,女,45~49歲,其他地區,喪偶
臺中市,結婚人數按性別、年齡、原屬國籍(地區)及婚前婚姻狀況分(按發生日期)-結婚人數(單位:人),女_50~54歲_其他地區_未婚,0,2018-01-01T00:00:00,女,50~54歲,其他地區,未婚
臺中市,結婚人數按性別、年齡、原屬國籍(地區)及婚前婚姻狀況分(按發生日期)-結婚人數(單位:人),女_50~54歲_其他地區_離婚,0,2018-01-01T00:00:00,女,50~54歲,其他地區,離婚
臺中市,結婚人數按性別、年齡、原屬國籍(地區)及婚前婚姻狀況分(按發生日期)-結婚人數(單位:人),女_50~54歲_其他地區_喪偶,0,2018-01-01T00:00:00,女,50~54歲,其他地區,喪偶
臺中市,結婚人數按性別、年齡、原屬國籍(地區)及婚前婚姻狀況分(按發生日期)-結婚人數(單位:人),女_55~59歲_其他地區_未婚,0,2018-01-01T00:00:00,女,55~59歲,其他地區,未婚
臺中市,結婚人數按性別、年齡、原屬國籍(地區)及婚前婚姻狀況分(按發生日期)-結婚人數(單位:人),女_55~59歲_其他地區_離婚,0,2018-01-01T00:00:00,女,55~59歲,其他地區,離婚
臺中市,結婚人數按性別、年齡、原屬國籍(地區)及婚前婚姻狀況分(按發生日期)-結婚人數(單位:人),女_55~59歲_其他地區_喪偶,0,2018-01-01T00:00:00,女,55~59歲,其他地區,喪偶
臺中市,結婚人數按性別、年齡、原屬國籍(地區)及婚前婚姻狀況分(按發生日期)-結婚人數(單位:人),女_60~64歲_其他地區_未婚,0,2018-01-01T00:00:00,女,60~64歲,其他地區,未婚
臺中市,結婚人數按性別、年齡、原屬國籍(地區)及婚前婚姻狀況分(按發生日期)-結婚人數(單位:人),女_60~64歲_其他地區_離婚,0,2018-01-01T00:00:00,女,60~64歲,其他地區,離婚
臺中市,結婚人數按性別、年齡、原屬國籍(地區)及婚前婚姻狀況分(按發生日期)-結婚人數(單位:人),女_60~64歲_其他地區_喪偶,0,2018-01-01T00:00:00,女,60~64歲,其他地區,喪偶
臺中市,結婚人數按性別、年齡、原屬國籍(地區)及婚前婚姻狀況分(按發生日期)-結婚人數(單位:人),女_65歲以上_其他地區_未婚,0,2018-01-01T00:00:00,女,65歲以上,其他地區,未婚
臺中市,結婚人數按性別、年齡、原屬國籍(地區)及婚前婚姻狀況分(按發生日期)-結婚人數(單位:人),女_65歲以上_其他地區_離婚,0,2018-01-01T00:00:00,女,65歲以上,其他地區,離婚
臺中市,結婚人數按性別、年齡、原屬國籍(地區)及婚前婚姻狀況分(按發生日期)-結婚人數(單位:人),女_65歲以上_其他地區_喪偶,0,2018-01-01T00:00:00,女,65歲以上,其他地區,喪偶
臺中市,結婚人數按性別、年齡、原屬國籍(地區)及婚前婚姻狀況分(按發生日期)-女生結婚年齡第一四分位數Q1(單位:歲),其他地區_未婚,26,2018-01-01T00:00:00,,,其他地區,未婚
臺中市,結婚人數按性別、年齡、原屬國籍(地區)及婚前婚姻狀況分(按發生日期)-女生結婚年齡第一四分位數Q1(單位:歲),其他地區_離婚,33.8,2018-01-01T00:00:00,,,其他地區,離婚
臺中市,結婚人數按性別、年齡、原屬國籍(地區)及婚前婚姻狀況分(按發生日期)-女生結婚年齡第一四分位數Q1(單位:歲),其他地區_喪偶,0,2018-01-01T00:00:00,,,其他地區,喪偶
臺中市,結婚人數按性別、年齡、原屬國籍(地區)及婚前婚姻狀況分(按發生日期)-女生結婚年齡中位數Q2(單位:歲),其他地區_未婚,29.1,2018-01-01T00:00:00,,,其他地區,未婚
臺中市,結婚人數按性別、年齡、原屬國籍(地區)及婚前婚姻狀況分(按發生日期)-女生結婚年齡中位數Q2(單位:歲),其他地區_離婚,37.5,2018-01-01T00:00:00,,,其他地區,離婚
臺中市,結婚人數按性別、年齡、原屬國籍(地區)及婚前婚姻狀況分(按發生日期)-女生結婚年齡中位數Q2(單位:歲),其他地區_喪偶,0,2018-01-01T00:00:00,,,其他地區,喪偶
臺中市,結婚人數按性別、年齡、原屬國籍(地區)及婚前婚姻狀況分(按發生日期)-女生結婚年齡第三四分位數Q3(單位:歲),其他地區_未婚,33.4,2018-01-01T00:00:00,,,其他地區,未婚
臺中市,結婚人數按性別、年齡、原屬國籍(地區)及婚前婚姻狀況分(按發生日期)-女生結婚年齡第三四分位數Q3(單位:歲),其他地區_離婚,46.3,2018-01-01T00:00:00,,,其他地區,離婚
臺中市,結婚人數按性別、年齡、原屬國籍(地區)及婚前婚姻狀況分(按發生日期)-女生結婚年齡第三四分位數Q3(單位:歲),其他地區_喪偶,0,2018-01-01T00:00:00,,,其他地區,喪偶
臺中市,結婚人數按性別、年齡、原屬國籍(地區)及婚前婚姻狀況分(按發生日期)-女生結婚年齡平均數(單位:歲),其他地區_未婚,29.7,2018-01-01T00:00:00,,,其他地區,未婚
臺中市,結婚人數按性別、年齡、原屬國籍(地區)及婚前婚姻狀況分(按發生日期)-女生結婚年齡平均數(單位:歲),其他地區_離婚,39.2,2018-01-01T00:00:00,,,其他地區,離婚
臺中市,結婚人數按性別、年齡、原屬國籍(地區)及婚前婚姻狀況分(按發生日期)-女生結婚年齡平均數(單位:歲),其他地區_喪偶,0,2018-01-01T00:00:00,,,其他地區,喪偶
臺中市,結婚人數按性別、年齡、原屬國籍(地區)及婚前婚姻狀況分(按發生日期)-男生結婚年齡第一四分位數Q1(單位:歲),其他地區_婚姻狀況別,28.6,2018-01-01T00:00:00,,,其他地區,婚姻狀況別
臺中市,結婚人數按性別、年齡、原屬國籍(地區)及婚前婚姻狀況分(按發生日期)-男生結婚年齡中位數Q2(單位:歲),其他地區_婚姻狀況別,33.2,2018-01-01T00:00:00,,,其他地區,婚姻狀況別
臺中市,結婚人數按性別、年齡、原屬國籍(地區)及婚前婚姻狀況分(按發生日期)-男生結婚年齡第三四分位數Q3(單位:歲),其他地區_婚姻狀況別,39.2,2018-01-01T00:00:00,,,其他地區,婚姻狀況別
臺中市,結婚人數按性別、年齡、原屬國籍(地區)及婚前婚姻狀況分(按發生日期)-男生結婚年齡平均數(單位:歲),其他地區_婚姻狀況別,35.2,2018-01-01T00:00:00,,,其他地區,婚姻狀況別
臺中市,結婚人數按性別、年齡、原屬國籍(地區)及婚前婚姻狀況分(按發生日期)-結婚人數(單位:人),女_40~44歲_其他地區_離婚,0,2018-01-01T00:00:00,女,40~44歲,其他地區,離婚
臺中市,結婚人數按性別、年齡、原屬國籍(地區)及婚前婚姻狀況分(按發生日期)-結婚人數(單位:人),女_40~44歲_其他地區_未婚,4,2018-01-01T00:00:00,女,40~44歲,其他地區,未婚
臺中市,結婚人數按性別、年齡、原屬國籍(地區)及婚前婚姻狀況分(按發生日期)-結婚人數(單位:人),女_35~39歲_其他地區_喪偶,0,2018-01-01T00:00:00,女,35~39歲,其他地區,喪偶
臺中市,結婚人數按性別、年齡、原屬國籍(地區)及婚前婚姻狀況分(按發生日期)-結婚人數(單位:人),女_20~24歲_其他地區_未婚,12,2018-01-01T00:00:00,女,20~24歲,其他地區,未婚
臺中市,結婚人數按性別、年齡、原屬國籍(地區)及婚前婚姻狀況分(按發生日期)-結婚人數(單位:人),女_15~19歲_其他地區_喪偶,0,2018-01-01T00:00:00,女,15~19歲,其他地區,喪偶
臺中市,結婚人數按性別、年齡、原屬國籍(地區)及婚前婚姻狀況分(按發生日期)-結婚人數(單位:人),女_15~19歲_其他地區_離婚,0,2018-01-01T00:00:00,女,15~19歲,其他地區,離婚
臺中市,結婚人數按性別、年齡、原屬國籍(地區)及婚前婚姻狀況分(按發生日期)-結婚人數(單位:人),女_15~19歲_其他地區_未婚,3,2018-01-01T00:00:00,女,15~19歲,其他地區,未婚
臺中市,結婚人數按性別、年齡、原屬國籍(地區)及婚前婚姻狀況分(按發生日期)-結婚人數(單位:人),女_未滿15歲_其他地區_喪偶,0,2018-01-01T00:00:00,女,未滿15歲,其他地區,喪偶
臺中市,結婚人數按性別、年齡、原屬國籍(地區)及婚前婚姻狀況分(按發生日期)-結婚人數(單位:人),男_55~59歲_其他地區_喪偶,0,2018-01-01T00:00:00,男,55~59歲,其他地區,喪偶
臺中市,結婚人數按性別、年齡、原屬國籍(地區)及婚前婚姻狀況分(按發生日期)-結婚人數(單位:人),男_55~59歲_其他地區_離婚,2,2018-01-01T00:00:00,男,55~59歲,其他地區,離婚
臺中市,結婚人數按性別、年齡、原屬國籍(地區)及婚前婚姻狀況分(按發生日期)-結婚人數(單位:人),男_55~59歲_其他地區_未婚,5,2018-01-01T00:00:00,男,55~59歲,其他地區,未婚
臺中市,結婚人數按性別、年齡、原屬國籍(地區)及婚前婚姻狀況分(按發生日期)-結婚人數(單位:人),男_50~54歲_其他地區_喪偶,0,2018-01-01T00:00:00,男,50~54歲,其他地區,喪偶
臺中市,結婚人數按性別、年齡、原屬國籍(地區)及婚前婚姻狀況分(按發生日期)-結婚人數(單位:人),男_50~54歲_其他地區_離婚,0,2018-01-01T00:00:00,男,50~54歲,其他地區,離婚
臺中市,結婚人數按性別、年齡、原屬國籍(地區)及婚前婚姻狀況分(按發生日期)-結婚人數(單位:人),男_50~54歲_其他地區_未婚,11,2018-01-01T00:00:00,男,50~54歲,其他地區,未婚
臺中市,結婚人數按性別、年齡、原屬國籍(地區)及婚前婚姻狀況分(按發生日期)-結婚人數(單位:人),男_45~49歲_其他地區_喪偶,0,2018-01-01T00:00:00,男,45~49歲,其他地區,喪偶
臺中市,結婚人數按性別、年齡、原屬國籍(地區)及婚前婚姻狀況分(按發生日期)-女生結婚年齡第一四分位數Q1(單位:歲),其他地區_婚姻狀況別,26.1,2018-01-01T00:00:00,,,其他地區,婚姻狀況別
臺中市,結婚人數按性別、年齡、原屬國籍(地區)及婚前婚姻狀況分(按發生日期)-女生結婚年齡第三四分位數Q3(單位:歲),其他地區_婚姻狀況別,33.7,2018-01-01T00:00:00,,,其他地區,婚姻狀況別
臺中市,結婚人數按性別、年齡、原屬國籍(地區)及婚前婚姻狀況分(按發生日期)-女生結婚年齡中位數Q2(單位:歲),其他地區_婚姻狀況別,29.3,2018-01-01T00:00:00,,,其他地區,婚姻狀況別
臺中市,結婚人數按性別、年齡、原屬國籍(地區)及婚前婚姻狀況分(按發生日期)-女生結婚年齡平均數(單位:歲),其他地區_婚姻狀況別,30,2018-01-01T00:00:00,,,其他地區,婚姻狀況別
